Workbook

Sheet БД
B1: Плоскостные спортивные сооружения | H1: Спортивные залы | N1: Плавательные бассейны
B2: (площадки и поля)
B3: 2010 | C3: 2015 | D3: 2020 | E3: 2021 | F3: 2022 | G3: 2023 | H3: 2010 | I3: 2015 | J3: 2020 | K3: 2021 | L3: 2022 | M3: 2023 | N3: 2010 | O3: 2015 | P3: 2020 | Q3: 2021 | R3: 2022 | S3: 2023
A4: Российская Федерация | B4: 129 637 | C4: 148 194 | D4: 154 000 | E4: 157206 | F4: 158944 | G4: 161662 | H4: 72 381 | I4: 72 016 | J4: 75 281 | K4: 76105 | L4: 76873 | M4: 77777 | N4: 4 237 | O4: 5 196 | P4: 6 229 | Q4: 6442 | R4: 6575 | S4: 6765 | T4: Российская Федерация
A5: Центральный | B5: 32 516 | C5: 40 280 | D5: 44 824 | E5: 46416 | F5: 47 322 | G5: 48554 | H5: 15 586 | I5: 16 859 | J5: 18 037 | K5: 18354 | L5: 18562 | M5: 18795 | N5: 1 216 | O5: 1 401 | P5: 1 741 | Q5: 1774 | R5: 1808 | S5: 1880 | T5: Центральный
A6: федеральный округ | T6: федеральный округ
A7: Белгородская область | B7: 3 088 | C7: 3 300 | D7: 3 283 | E7: 3321 | F7: 3 272 | G7: 3268 | H7: 800 | I7: 819 | J7: 875 | K7: 887 | L7: 899 | M7: 909 | N7: 129 | O7: 142 | P7: 159 | Q7: 154 | R7: 156 | S7: 149 | T7: Белгородская область
A8: Брянская область | B8: 1 571 | C8: 1 517 | D8: 1 426 | E8: 1394 | F8: 1 374 | G8: 1437 | H8: 682 | I8: 675 | J8: 646 | K8: 667 | L8: 686 | M8: 688 | N8: 38 | O8: 50 | P8: 49 | Q8: 53 | R8: 56 | S8: 57 | T8: Брянская область
A9: Владимирская область | B9: 1 381 | C9: 1 554 | D9: 1 716 | E9: 1778 | F9: 1 776 | G9: 1758 | H9: 673 | I9: 716 | J9: 811 | K9: 821 | L9: 847 | M9: 857 | N9: 43 | O9: 57 | P9: 68 | Q9: 69 | R9: 71 | S9: 71 | T9: Владимирская область
A10: Воронежская область | B10: 3 471 | C10: 4 171 | D10: 4 569 | E10: 4509 | F10: 4 296 | G10: 4331 | H10: 1 285 | I10: 1 428 | J10: 1 308 | K10: 1337 | L10: 1 338 | M10: 1350 | N10: 52 | O10: 83 | P10: 66 | Q10: 63 | R10: 72 | S10: 72 | T10: Воронежская область
A11: Ивановская область | B11: 667 | C11: 1 030 | D11: 1 064 | E11: 1066 | F11: 1 043 | G11: 1023 | H11: 407 | I11: 518 | J11: 529 | K11: 537 | L11: 542 | M11: 553 | N11: 24 | O11: 30 | P11: 35 | Q11: 37 | R11: 38 | S11: 38 | T11: Ивановская область
A12: Калужская область | B12: 1 032 | C12: 1 066 | D12: 918 | E12: 929 | F12: 930 | G12: 935 | H12: 530 | I12: 592 | J12: 618 | K12: 626 | L12: 625 | M12: 625 | N12: 28 | O12: 49 | P12: 71 | Q12: 74 | R12: 76 | S12: 79 | T12: Калужская область
A13: Костромская область | B13: 684 | C13: 653 | D13: 685 | E13: 708 | F13: 718 | G13: 720 | H13: 358 | I13: 380 | J13: 397 | K13: 408 | L13: 411 | M13: 413 | N13: 31 | O13: 32 | P13: 33 | Q13: 34 | R13: 33 | S13: 33 | T13: Костромская область
A14: Курская область | B14: 1 189 | C14: 1 159 | D14: 1 081 | E14: 1094 | F14: 1 095 | G14: 1099 | H14: 657 | I14: 659 | J14: 673 | K14: 680 | L14: 683 | M14: 679 | N14: 36 | O14: 35 | P14: 47 | Q14: 49 | R14: 49 | S14: 54 | T14: Курская область
A15: Липецкая область | B15: 1 734 | C15: 1 941 | D15: 2 074 | E15: 2112 | F15: 2 175 | G15: 2189 | H15: 569 | I15: 602 | J15: 626 | K15: 645 | L15: 654 | M15: 660 | N15: 33 | O15: 42 | P15: 52 | Q15: 57 | R15: 58 | S15: 59 | T15: Липецкая область
A16: Московская область | B16: 3 079 | C16: 4 901 | D16: 2 427 | E16: 2874 | F16: 3 001 | G16: 3381 | H16: 1 886 | I16: 2 207 | J16: 2 382 | K16: 2505 | L16: 2 528 | M16: 2594 | N16: 196 | O16: 271 | P16: 332 | Q16: 349 | R16: 348 | S16: 381 | T16: Московская область
A17: Орловская область | B17: 1 026 | C17: 1 071 | D17: 579 | E17: 576 | F17: 581 | G17: 585 | H17: 441 | I17: 586 | J17: 562 | K17: 571 | L17: 598 | M17: 518 | N17: 30 | O17: 32 | P17: 34 | Q17: 34 | R17: 34 | S17: 33 | T17: Орловская область
A18: Рязанская область | B18: 1 333 | C18: 1 359 | D18: 1 310 | E18: 1327 | F18: 1 329 | G18: 1334 | H18: 499 | I18: 516 | J18: 604 | K18: 617 | L18: 612 | M18: 621 | N18: 31 | O18: 41 | P18: 58 | Q18: 59 | R18: 59 | S18: 63 | T18: Рязанская область
A19: Смоленская область | B19: 1 173 | C19: 1 207 | D19: 1 303 | E19: 1315 | F19: 1 320 | G19: 1322 | H19: 934 | I19: 924 | J19: 913 | K19: 907 | L19: 925 | M19: 914 | N19: 33 | O19: 55 | P19: 63 | Q19: 66 | R19: 67 | S19: 66 | T19: Смоленская область
A20: Тамбовская область | B20: 2 223 | C20: 2 803 | D20: 2 874 | E20: 2876 | F20: 2 878 | G20: 2879 | H20: 533 | I20: 632 | J20: 653 | K20: 654 | L20: 656 | M20: 656 | N20: 25 | O20: 40 | P20: 41 | Q20: 41 | R20: 41 | S20: 42 | T20: Тамбовская область
A21: Тверская область | B21: 1 669 | C21: 1 947 | D21: 2 308 | E21: 2540 | F21: 2 578 | G21: 2672 | H21: 1 275 | I21: 819 | J21: 859 | K21: 873 | L21: 880 | M21: 889 | N21: 62 | O21: 57 | P21: 63 | Q21: 65 | R21: 68 | S21: 69 | T21: Тверская область
A22: Тульская область | B22: 1 064 | C22: 1 234 | D22: 1 313 | E22: 1331 | F22: 1 344 | G22: 1351 | H22: 557 | I22: 610 | J22: 623 | K22: 633 | L22: 638 | M22: 643 | N22: 30 | O22: 46 | P22: 50 | Q22: 49 | R22: 50 | S22: 49 | T22: Тульская область
A23: Ярославская область | B23: 1 048 | C23: 1 128 | D23: 1 263 | E23: 1270 | F23: 1 299 | G23: 1311 | H23: 577 | I23: 559 | J23: 566 | K23: 569 | L23: 569 | M23: 572 | N23: 30 | O23: 24 | P23: 29 | Q23: 30 | R23: 33 | S23: 33 | T23: Ярославская область
A24: г. Москва | B24: 5 084 | C24: 8 239 | D24: 14 631 | E24: 15396 | F24: 16 313 | G24: 16959 | H24: 2 923 | I24: 3 617 | J24: 4 392 | K24: 4417 | L24: 4 471 | M24: 4654 | N24: 365 | O24: 315 | P24: 491 | Q24: 491 | R24: 499 | S24: 532 | T24: г. Москва
A25: Северо-Западный | B25: 8 318 | C25: 9 622 | D25: 11 251 | E25: 11419 | F25: 11 470 | G25: 11688 | H25: 6 549 | I25: 6 258 | J25: 6 647 | K25: 6749 | L25: 6784 | M25: 6932 | N25: 409 | O25: 638 | P25: 789 | Q25: 826 | R25: 847 | S25: 868 | T25: Северо-Западный
A26: федеральный округ | T26: федеральный округ
A27: Республика Карелия | B27: 547 | C27: 624 | D27: 616 | E27: 623 | F27: 622 | G27: 612 | H27: 748 | I27: 384 | J27: 416 | K27: 421 | L27: 422 | M27: 416 | N27: 26 | O27: 30 | P27: 39 | Q27: 38 | R27: 38 | S27: 32 | T27: Республика Карелия
A28: Республика Коми | B28: 755 | C28: 800 | D28: 890 | E28: 933 | F28: 772 | G28: 781 | H28: 719 | I28: 585 | J28: 537 | K28: 537 | L28: 503 | M28: 501 | N28: 37 | O28: 41 | P28: 43 | Q28: 44 | R28: 43 | S28: 43 | T28: Республика Коми
A29: Архангельская область | B29: 696 | C29: 880 | D29: 1 106 | E29: 1128 | F29: 1 154 | G29: 1161 | H29: 657 | I29: 697 | J29: 791 | K29: 799 | L29: 805 | M29: 801 | N29: 35 | O29: 49 | P29: 57 | Q29: 57 | R29: 58 | S29: 58 | T29: Архангельская область
A30: в том числе: | T30: в том числе:
A31: Ненецкий автономный округ | B31: – | C31: 35 | D31: 35 | E31: 38 | F31: 39 | G31: 40 | H31: – | I31: 50 | J31: 87 | K31: 93 | L31: 96 | M31: 92 | N31: – | O31: 1 | P31: 2 | Q31: 2 | R31: 2 | S31: 2 | T31: Ненецкий автономный округ
A32: Архангельская область | B32: 696 | C32: 845 | D32: 1 071 | E32: 1090 | F32: 1 115 | G32: 1121 | H32: 657 | I32: 647 | J32: 704 | K32: 706 | L32: 709 | M32: 709 | N32: 35 | O32: 48 | P32: 55 | Q32: 55 | R32: 56 | S32: 56 | T32: Архангельская область
A33: без автономного округа | T33: без автономного округа
A34: Вологодская область | B34: 707 | C34: 806 | D34: 928 | E34: 908 | F34: 918 | G34: 924 | H34: 658 | I34: 648 | J34: 627 | K34: 632 | L34: 635 | M34: 717 | N34: 39 | O34: 48 | P34: 62 | Q34: 65 | R34: 59 | S34: 62 | T34: Вологодская область
A35: Калининградская область | B35: 1 015 | C35: 1 058 | D35: 1 113 | E35: 1125 | F35: 1 134 | G35: 1139 | H35: 399 | I35: 463 | J35: 463 | K35: 468 | L35: 470 | M35: 474 | N35: 23 | O35: 42 | P35: 46 | Q35: 51 | R35: 51 | S35: 51 | T35: Калининградская область
A36: Ленинградская область | B36: 827 | C36: 1 279 | D36: 1 828 | E36: 1882 | F36: 1 947 | G36: 2004 | H36: 638 | I36: 701 | J36: 815 | K36: 847 | L36: 864 | M36: 882 | N36: 33 | O36: 64 | P36: 92 | Q36: 93 | R36: 103 | S36: 102 | T36: Ленинградская область
A37: Мурманская область | B37: 212 | C37: 299 | D37: 351 | E37: 384 | F37: 395 | G37: 385 | H37: 537 | I37: 366 | J37: 388 | K37: 406 | L37: 404 | M37: 411 | N37: 36 | O37: 33 | P37: 42 | Q37: 45 | R37: 46 | S37: 45 | T37: Мурманская область
A38: Новгородская область | B38: 700 | C38: 786 | D38: 905 | E38: 923 | F38: 917 | G38: 920 | H38: 281 | I38: 300 | J38: 329 | K38: 331 | L38: 332 | M38: 337 | N38: 28 | O38: 33 | P38: 35 | Q38: 35 | R38: 35 | S38: 35 | T38: Новгородская область
A39: Псковская область | B39: 589 | C39: 551 | D39: 577 | E39: 627 | F39: 639 | G39: 657 | H39: 339 | I39: 341 | J39: 345 | K39: 337 | L39: 339 | M39: 348 | N39: 12 | O39: 14 | P39: 17 | Q39: 18 | R39: 19 | S39: 19 | T39: Псковская область
A40: г. Санкт-Петербург | B40: 2 270 | C40: 2 539 | D40: 2 937 | E40: 2886 | F40: 2 972 | G40: 3105 | H40: 1 573 | I40: 1 773 | J40: 1 936 | K40: 1971 | L40: 2 010 | M40: 2045 | N40: 140 | O40: 284 | P40: 356 | Q40: 380 | R40: 395 | S40: 421 | T40: г. Санкт-Петербург
A41: Южный | B41: 14 180 | C41: 17 459 | D41: 17 489 | E41: 17680 | F41: 17 937 | G41: 18019 | H41: 5 567 | I41: 6 840 | J41: 7 386 | K41: 7452 | L41: 7576 | M41: 7726 | N41: 299 | O41: 411 | P41: 507 | Q41: 507 | R41: 508 | S41: 539 | T41: Южный
A42: федеральный округ | T42: федеральный округ
A43: Республика Адыгея | B43: 383 | C43: 603 | D43: 671 | E43: 674 | F43: 678 | G43: 676 | H43: 203 | I43: 185 | J43: 209 | K43: 215 | L43: 223 | M43: 220 | N43: 7 | O43: 12 | P43: 12 | Q43: 12 | R43: 12 | S43: 12 | T43: Республика Адыгея
A44: Республика Калмыкия | B44: 360 | C44: 288 | D44: 297 | E44: 302 | F44: 305 | G44: 250 | H44: 190 | I44: 185 | J44: 184 | K44: 184 | L44: 185 | M44: 144 | N44: 2 | O44: 2 | P44: 3 | Q44: 3 | R44: 4 | S44: 1 | T44: Республика Калмыкия
A45: Республика Крым | C45: 1 577 | D45: 1 434 | E45: 1497 | F45: 1 546 | G45: 1516 | I45: 668 | J45: 756 | K45: 761 | L45: 754 | M45: 772 | O45: 17 | P45: 27 | Q45: 27 | R45: 27 | S45: 28 | T45: Республика Крым
A46: Краснодарский край | B46: 5 016 | C46: 5 414 | D46: 5 466 | E46: 5578 | F46: 5 672 | G46: 5717 | H46: 2 000 | I46: 2 150 | J46: 2 437 | K46: 2477 | L46: 2 537 | M46: 2681 | N46: 131 | O46: 164 | P46: 201 | Q46: 202 | R46: 201 | S46: 228 | T46: Краснодарский край
A47: Астраханская область | B47: 918 | C47: 916 | D47: 738 | E47: 746 | F47: 739 | G47: 746 | H47: 389 | I47: 476 | J47: 541 | K47: 550 | L47: 577 | M47: 579 | N47: 10 | O47: 16 | P47: 26 | Q47: 24 | R47: 23 | S47: 23 | T47: Астраханская область
A48: Волгоградская область | B48: 2 085 | C48: 2 503 | D48: 2 570 | E48: 2505 | F48: 2 518 | G48: 2535 | H48: 1 069 | I48: 1 149 | J48: 1 227 | K48: 1225 | L48: 1 242 | M48: 1244 | N48: 42 | O48: 55 | P48: 64 | Q48: 64 | R48: 65 | S48: 66 | T48: Волгоградская область
A49: Ростовская область | B49: 5 418 | C49: 5 844 | D49: 6 117 | E49: 6183 | F49: 6 269 | G49: 6363 | H49: 1 716 | I49: 1 765 | J49: 1 896 | K49: 1911 | L49: 1 924 | M49: 1952 | N49: 107 | O49: 139 | P49: 164 | Q49: 165 | R49: 166 | S49: 171 | T49: Ростовская область
A50: г. Севастополь | C50: 314 | D50: 196 | E50: 195 | F50: 210 | G50: 216 | I50: 262 | J50: 136 | K50: 129 | L50: 134 | M50: 134 | O50: 6 | P50: 10 | Q50: 10 | R50: 10 | S50: 10 | T50: г. Севастополь
A51: Северо-Кавказский | B51: 6 807 | C51: 7 406 | D51: 8 174 | E51: 8406 | F51: 8 559 | G51: 9035 | H51: 3 410 | I51: 3 725 | J51: 4 245 | K51: 4250 | L51: 4326 | M51: 4504 | N51: 101 | O51: 147 | P51: 205 | Q51: 231 | R51: 229 | S51: 251 | T51: Северо-Кавказский
A52: федеральный округ | T52: федеральный округ
A53: Республика Дагестан | B53: 1 844 | C53: 2 048 | D53: 2 127 | E53: 2112 | F53: 2 191 | G53: 2579 | H53: 760 | I53: 868 | J53: 1 035 | K53: 1050 | L53: 1 065 | M53: 1094 | N53: 6 | O53: 21 | P53: 30 | Q53: 32 | R53: 32 | S53: 37 | T53: Республика Дагестан
A54: Республика Ингушетия | B54: 138 | C54: 159 | D54: 189 | E54: 208 | F54: 209 | G54: 211 | H54: 91 | I54: 125 | J54: 165 | K54: 163 | L54: 163 | M54: 170 | N54: – | O54: 5 | P54: 8 | Q54: 8 | R54: 10 | S54: 10 | T54: Республика Ингушетия
A55: Кабардино-Балкарская | B55: 686 | C55: 935 | D55: 983 | E55: 990 | F55: 994 | G55: 975 | H55: 454 | I55: 491 | J55: 511 | K55: 514 | L55: 515 | M55: 518 | N55: 15 | O55: 15 | P55: 20 | Q55: 16 | R55: 16 | S55: 17 | T55: Кабардино-Балкарская
A56: Республика | T56: Республика
A57: Карачаево-Черкесская | B57: 264 | C57: 303 | D57: 311 | E57: 314 | F57: 315 | G57: 320 | H57: 210 | I57: 223 | J57: 272 | K57: 275 | L57: 275 | M57: 279 | N57: 9 | O57: 10 | P57: 15 | Q57: 15 | R57: 15 | S57: 15 | T57: Карачаево-Черкесская
A58: Республика | T58: Республика
A59: Республика Северная | B59: 482 | C59: 571 | D59: 535 | E59: 706 | F59: 734 | G59: 742 | H59: 386 | I59: 430 | J59: 453 | K59: 430 | L59: 441 | M59: 444 | N59: 14 | O59: 18 | P59: 25 | Q59: 26 | R59: 26 | S59: 26 | T59: Республика Северная
A60: Осетия – Алания | T60: Осетия – Алания
A61: Чеченская Республика | B61: 694 | C61: 695 | D61: 1 139 | E61: 1128 | F61: 1 167 | G61: 1291 | H61: 471 | I61: 489 | J61: 582 | K61: 634 | L61: 671 | M61: 785 | N61: 1 | O61: 7 | P61: 13 | Q61: 24 | R61: 14 | S61: 26 | T61: Чеченская Республика
A62: Ставропольский край | B62: 2 699 | C62: 2 695 | D62: 2 890 | E62: 2948 | F62: 2 949 | G62: 2917 | H62: 1 038 | I62: 1 099 | J62: 1 227 | K62: 1184 | L62: 1 196 | M62: 1214 | N62: 56 | O62: 71 | P62: 94 | Q62: 110 | R62: 116 | S62: 120 | T62: Ставропольский край
A63: Приволжский | B63: 30 955 | C63: 33 659 | D63: 33 152 | E63: 33575 | F63: 33639 | G63: 33749 | H63: 17 884 | I63: 16 339 | J63: 16 928 | K63: 16949 | L63: 17027 | M63: 17047 | N63: 913 | O63: 1 160 | P63: 1 428 | Q63: 1478 | R63: 1519 | S63: 1533 | T63: Приволжский
A64: федеральный округ | T64: федеральный округ
A65: Республика Башкортостан | B65: 5 579 | C65: 6 345 | D65: 6 854 | E65: 6952 | F65: 7 064 | G65: 7023 | H65: 3 367 | I65: 2 507 | J65: 2 612 | K65: 2635 | L65: 2675 | M65: 2687 | N65: 138 | O65: 190 | P65: 218 | Q65: 215 | R65: 215 | S65: 218 | T65: Республика Башкортостан
A66: Республика Марий Эл | B66: 954 | C66: 1 003 | D66: 995 | E66: 1001 | F66: 1 000 | G66: 1002 | H66: 400 | I66: 387 | J66: 386 | K66: 388 | L66: 391 | M66: 391 | N66: 30 | O66: 34 | P66: 37 | Q66: 41 | R66: 42 | S66: 42 | T66: Республика Марий Эл
A67: Республика Мордовия | B67: 1 234 | C67: 1 268 | D67: 1 143 | E67: 1141 | F67: 1 137 | G67: 1110 | H67: 560 | I67: 547 | J67: 514 | K67: 512 | L67: 511 | M67: 492 | N67: 23 | O67: 26 | P67: 30 | Q67: 34 | R67: 35 | S67: 36 | T67: Республика Мордовия
A68: Республика Татарстан | B68: 4 661 | C68: 5 172 | D68: 3 592 | E68: 3623 | F68: 3 630 | G68: 3664 | H68: 1 935 | I68: 1 993 | J68: 2 012 | K68: 2036 | L68: 2061 | M68: 2083 | N68: 143 | O68: 184 | P68: 249 | Q68: 263 | R68: 281 | S68: 293 | T68: Республика Татарстан
A69: Удмуртская Республика | B69: 1 260 | C69: 1 369 | D69: 1 346 | E69: 1371 | F69: 1 319 | G69: 1310 | H69: 1 020 | I69: 809 | J69: 995 | K69: 1009 | L69: 1021 | M69: 1018 | N69: 55 | O69: 70 | P69: 104 | Q69: 106 | R69: 106 | S69: 104 | T69: Удмуртская Республика
A70: Чувашская Республика | B70: 2 210 | C70: 2 253 | D70: 2 418 | E70: 2442 | F70: 2 451 | G70: 2365 | H70: 714 | I70: 745 | J70: 775 | K70: 775 | L70: 770 | M70: 762 | N70: 60 | O70: 70 | P70: 84 | Q70: 86 | R70: 86 | S70: 86 | T70: Чувашская Республика
A71: Пермский край | B71: 2 204 | C71: 2 329 | D71: 2 484 | E71: 2622 | F71: 2 663 | G71: 2689 | H71: 1 528 | I71: 1 250 | J71: 1 227 | K71: 1222 | L71: 1234 | M71: 1249 | N71: 68 | O71: 64 | P71: 74 | Q71: 74 | R71: 76 | S71: 76 | T71: Пермский край
A72: Кировская область | B72: 1 003 | C72: 1 087 | D72: 1 028 | E72: 1071 | F72: 938 | G72: 951 | H72: 1 287 | I72: 849 | J72: 823 | K72: 816 | L72: 838 | M72: 823 | N72: 24 | O72: 30 | P72: 32 | Q72: 40 | R72: 41 | S72: 42 | T72: Кировская область
A73: Нижегородская область | B73: 2 530 | C73: 2 830 | D73: 2 928 | E73: 2979 | F73: 2 924 | G73: 2973 | H73: 1 497 | I73: 1 673 | J73: 1 879 | K73: 1834 | L73: 1822 | M73: 1810 | N73: 105 | O73: 164 | P73: 223 | Q73: 220 | R73: 230 | S73: 228 | T73: Нижегородская область
A74: Оренбургская область | B74: 2 490 | C74: 2 535 | D74: 2 621 | E74: 2639 | F74: 2 626 | G74: 2611 | H74: 1 173 | I74: 1 183 | J74: 1 195 | K74: 1201 | L74: 1202 | M74: 1206 | N74: 60 | O74: 57 | P74: 59 | Q74: 60 | R74: 60 | S74: 63 | T74: Оренбургская область
A75: Пензенская область | B75: 2 060 | C75: 2 235 | D75: 2 364 | E75: 2368 | F75: 2 366 | G75: 2399 | H75: 822 | I75: 879 | J75: 887 | K75: 887 | L75: 885 | M75: 884 | N75: 65 | O75: 71 | P75: 72 | Q75: 72 | R75: 71 | S75: 72 | T75: Пензенская область
A76: Самарская область | B76: 1 971 | C76: 2 313 | D76: 2 625 | E76: 2644 | F76: 2 659 | G76: 2692 | H76: 1 356 | I76: 1 451 | J76: 1 502 | K76: 1526 | L76: 1529 | M76: 1536 | N76: 59 | O76: 95 | P76: 120 | Q76: 132 | R76: 136 | S76: 137 | T76: Самарская область
A77: Саратовская область | B77: 1 614 | C77: 1 622 | D77: 1 718 | E77: 1731 | F77: 1 886 | G77: 1977 | H77: 1 457 | I77: 1 348 | J77: 1 381 | K77: 1374 | L77: 1364 | M77: 1379 | N77: 50 | O77: 64 | P77: 80 | Q77: 88 | R77: 91 | S77: 85 | T77: Саратовская область
A78: Ульяновская область | B78: 1 185 | C78: 1 298 | D78: 1 036 | E78: 991 | F78: 976 | G78: 983 | H78: 768 | I78: 718 | J78: 740 | K78: 734 | L78: 724 | M78: 727 | N78: 33 | O78: 41 | P78: 46 | Q78: 47 | R78: 49 | S78: 51 | T78: Ульяновская область
A79: Уральский | B79: 10 717 | C79: 11 845 | D79: 12 435 | E79: 12571 | F79: 12809 | G79: 13060 | H79: 7 314 | I79: 7 280 | J79: 7 534 | K79: 7646 | L79: 7728 | M79: 7710 | N79: 571 | O79: 587 | P79: 622 | Q79: 645 | R79: 663 | S79: 679 | T79: Уральский
A80: федеральный округ | T80: федеральный округ
A81: Курганская область | B81: 1 042 | C81: 1 289 | D81: 1 391 | E81: 1360 | F81: 1 375 | G81: 1318 | H81: 746 | I81: 744 | J81: 747 | K81: 759 | L81: 727 | M81: 713 | N81: 5 | O81: 10 | P81: 12 | Q81: 13 | R81: 13 | S81: 15 | T81: Курганская область
A82: Свердловская область | B82: 4 062 | C82: 4 151 | D82: 4 052 | E82: 4046 | F82: 4 135 | G82: 4156 | H82: 2 308 | I82: 2 355 | J82: 2 642 | K82: 2694 | L82: 2770 | M82: 2710 | N82: 262 | O82: 268 | P82: 247 | Q82: 254 | R82: 265 | S82: 275 | T82: Свердловская область
A83: Тюменская область | B83: 2 313 | C83: 2 830 | D83: 3645 | E83: 3781 | F83: 3 888 | G83: 4119 | H83: 2 454 | I83: 2 417 | J83: 2 287 | K83: 2323 | L83: 2346 | M83: 2371 | N83: 191 | O83: 226 | P83: 261 | Q83: 275 | R83: 285 | S83: 288 | T83: Тюменская область
A84: в том числе: | T84: в том числе:
A85: Ханты-Мансийский | B85: 632 | C85: 881 | D85: 1 159 | E85: 1233 | F85: 1 277 | G85: 1413 | H85: 1 036 | I85: 915 | J85: 960 | K85: 972 | L85: 998 | M85: 1002 | N85: 100 | O85: 117 | P85: 134 | Q85: 141 | R85: 148 | S85: 149 | T85: Ханты-Мансийский
A86: автономный округ – Югра | T86: автономный округ – Югра
A87: Ямало-Ненецкий автономный округ | B87: 174 | C87: 237 | D87: 295 | E87: 320 | F87: 337 | G87: 342 | H87: 386 | I87: 418 | J87: 464 | K87: 475 | L87: 475 | M87: 475 | N87: 32 | O87: 43 | P87: 63 | Q87: 68 | R87: 69 | S87: 71 | T87: Ямало-Ненецкий автономный округ
A88: Тюменская область | B88: 1 507 | C88: 1 712 | D88: 2191 | E88: 2228 | F88: 2 274 | G88: 2364 | H88: 1 032 | I88: 1 084 | J88: 863 | K88: 876 | L88: 873 | M88: 894 | N88: 59 | O88: 66 | P88: 64 | Q88: 66 | R88: 68 | S88: 68 | T88: Тюменская область
A89: без автономных округов | T89: без автономных округов
A90: Челябинская область | B90: 3 300 | C90: 3 575 | D90: 3 347 | E90: 3384 | F90: 3 411 | G90: 3467 | H90: 1 806 | I90: 1 764 | J90: 1 858 | K90: 1870 | L90: 1885 | M90: 1916 | N90: 113 | O90: 83 | P90: 102 | Q90: 103 | R90: 100 | S90: 101 | T90: Челябинская область
A91: Сибирский | B91: 17 663 | C91: 18 986 | D91: 18 562 | E91: 19053 | F91: 18952 | G91: 19146 | H91: 11 070 | I91: 9 696 | J91: 9 474 | K91: 9547 | L91: 9695 | M91: 9759 | N91: 508 | O91: 596 | P91: 640 | Q91: 676 | R91: 697 | S91: 713 | T91: Сибирский
A92: федеральный округ | T92: федеральный округ
A93: Республика Алтай | B93: 164 | C93: 175 | D93: 183 | E93: 185 | F93: 181 | G93: 199 | H93: 121 | I93: 131 | J93: 140 | K93: 141 | L93: 147 | M93: 150 | N93: 1 | O93: 1 | P93: 2 | Q93: 2 | R93: 2 | S93: 2 | T93: Республика Алтай
A94: Республика Тыва | B94: 365 | C94: 466 | D94: 481 | E94: 507 | F94: 433 | G94: 391 | H94: 199 | I94: 185 | J94: 214 | K94: 236 | L94: 240 | M94: 259 | N94: 6 | O94: 3 | P94: 4 | Q94: 4 | R94: 4 | S94: 8 | T94: Республика Тыва
A95: Республика Хакасия | B95: 480 | C95: 571 | D95: 591 | E95: 596 | F95: 588 | G95: 600 | H95: 257 | I95: 270 | J95: 272 | K95: 274 | L95: 277 | M95: 282 | N95: 27 | O95: 28 | P95: 30 | Q95: 30 | R95: 30 | S95: 30 | T95: Республика Хакасия
A96: Алтайский край | B96: 3 352 | C96: 2 919 | D96: 2 979 | E96: 3121 | F96: 3 150 | G96: 3162 | H96: 1 564 | I96: 1 584 | J96: 1 674 | K96: 1686 | L96: 1714 | M96: 1723 | N96: 51 | O96: 64 | P96: 84 | Q96: 95 | R96: 96 | S96: 100 | T96: Алтайский край
A97: Красноярский край | B97: 2 615 | C97: 2 799 | D97: 2 739 | E97: 2943 | F97: 2 953 | G97: 3024 | H97: 2 019 | I97: 2 134 | J97: 1 578 | K97: 1569 | L97: 1587 | M97: 1581 | N97: 86 | O97: 104 | P97: 105 | Q97: 120 | R97: 126 | S97: 127 | T97: Красноярский край
A98: Иркутская область | B98: 1 652 | C98: 1 913 | D98: 1 864 | E98: 1890 | F98: 1 906 | G98: 1937 | H98: 1 230 | I98: 1 320 | J98: 1 329 | K98: 1340 | L98: 1367 | M98: 1387 | N98: 71 | O98: 81 | P98: 88 | Q98: 92 | R98: 94 | S98: 97 | T98: Иркутская область
A99: Кемеровская область | B99: 3 829 | C99: 4 457 | D99: 4 121 | E99: 4117 | F99: 4 057 | G99: 4028 | H99: 2 740 | I99: 1 087 | J99: 1 126 | K99: 1130 | L99: 1156 | M99: 1157 | N99: 111 | O99: 132 | P99: 124 | Q99: 122 | R99: 132 | S99: 132 | T99: Кемеровская область
A100: Новосибирская область | B100: 2 097 | C100: 2 262 | D100: 2 089 | E100: 2183 | F100: 2 180 | G100: 2235 | H100: 1 232 | I100: 1 300 | J100: 1 357 | K100: 1372 | L100: 1406 | M100: 1436 | N100: 66 | O100: 84 | P100: 98 | Q100: 105 | R100: 107 | S100: 110 | T100: Новосибирская область
...

Sheet БД2
A1: Регион | B1: Численность зрителей театров, на тыс чел | C1: Стадионы с трибунами на 1500 мест и более на 100 чел | D1: Численность пользователей библиотек на 1000 чел | E1: ВЫПУСК ГАЗЕТ на 1 000 человек населения | F1: Численность детей, отдохнувших в них за лето на 1000 человек | I1: Область | J1: Значение
A2: Белгородская область | B2: 152 | C2: =IFERROR(VLOOKUP($A2,'[1]спортивные сооружния'!A4:G112,7,FALSE)/'[1]Экономические факторы'!E2*100,0) -> 41.533951 | D2: =VLOOKUP($A2,[1]библиотеки!A4:N116,14,FALSE)/'[1]Экономические факторы'!G2*1000 -> 497.10135 | E2: =VLOOKUP($A2,[1]Газеты!$A$3:$G$111,7,FALSE) -> 852 | F2: ='[1]Культурные факторы'!F2/'[1]Экономические факторы'!G2*1000 -> 39.648164 | I2: Russia | J2: 10
A3: Брянская область | B3: 173 | C3: =IFERROR(VLOOKUP($A3,'[1]спортивные сооружния'!A5:G113,7,FALSE)/'[1]Экономические факторы'!E3*100,0) -> 54.989496 | D3: =VLOOKUP($A3,[1]библиотеки!A5:N117,14,FALSE)/'[1]Экономические факторы'!G3*1000 -> 426.29552 | E3: =VLOOKUP($A3,[1]Газеты!$A$3:$G$111,7,FALSE) -> 234 | F3: ='[1]Культурные факторы'!F3/'[1]Экономические факторы'!G3*1000 -> 28.97409 | I3: England | J3: 12
A4: Владимирская область | B4: 78 | C4: =IFERROR(VLOOKUP($A4,'[1]спортивные сооружния'!A6:G114,7,FALSE)/'[1]Экономические факторы'!E4*100,0) -> 62.203222 | D4: =VLOOKUP($A4,[1]библиотеки!A6:N118,14,FALSE)/'[1]Экономические факторы'!G4*1000 -> 383.99878 | E4: =VLOOKUP($A4,[1]Газеты!$A$3:$G$111,7,FALSE) -> 552 | F4: ='[1]Культурные факторы'!F4/'[1]Экономические факторы'!G4*1000 -> 35.34621 | I4: Germany | J4: 20
A5: Воронежская область | B5: 228 | C5: =IFERROR(VLOOKUP($A5,'[1]спортивные сооружния'!A7:G115,7,FALSE)/'[1]Экономические факторы'!E5*100,0) -> 22.961203 | D5: =VLOOKUP($A5,[1]библиотеки!A7:N119,14,FALSE)/'[1]Экономические факторы'!G5*1000 -> 342.2187 | E5: =VLOOKUP($A5,[1]Газеты!$A$3:$G$111,7,FALSE) -> 480 | F5: ='[1]Культурные факторы'!F5/'[1]Экономические факторы'!G5*1000 -> 30.526964
A6: Ивановская область | B6: 350 | C6: =IFERROR(VLOOKUP($A6,'[1]спортивные сооружния'!A8:G116,7,FALSE)/'[1]Экономические факторы'!E6*100,0) -> 33.072083 | D6: =VLOOKUP($A6,[1]библиотеки!A8:N120,14,FALSE)/'[1]Экономические факторы'!G6*1000 -> 428.30334 | E6: =VLOOKUP($A6,[1]Газеты!$A$3:$G$111,7,FALSE) -> 321 | F6: ='[1]Культурные факторы'!F6/'[1]Экономические факторы'!G6*1000 -> 28.038415
A7: Калужская область | B7: 205 | C7: =IFERROR(VLOOKUP($A7,'[1]спортивные сооружния'!A9:G117,7,FALSE)/'[1]Экономические факторы'!E7*100,0) -> 41.838263 | D7: =VLOOKUP($A7,[1]библиотеки!A9:N121,14,FALSE)/'[1]Экономические факторы'!G7*1000 -> 535.38001 | E7: =VLOOKUP($A7,[1]Газеты!$A$3:$G$111,7,FALSE) -> 622 | F7: ='[1]Культурные факторы'!F7/'[1]Экономические факторы'!G7*1000 -> 25.271434
A8: Костромская область | B8: 257 | C8: =IFERROR(VLOOKUP($A8,'[1]спортивные сооружния'!A10:G118,7,FALSE)/'[1]Экономические факторы'!E8*100,0) -> 63.782447 | D8: =VLOOKUP($A8,[1]библиотеки!A10:N122,14,FALSE)/'[1]Экономические факторы'!G8*1000 -> 762.84655 | E8: =VLOOKUP($A8,[1]Газеты!$A$3:$G$111,7,FALSE) -> 386 | F8: ='[1]Культурные факторы'!F8/'[1]Экономические факторы'!G8*1000 -> 44.322797
A9: Курская область | B9: 234 | C9: =IFERROR(VLOOKUP($A9,'[1]спортивные сооружния'!A11:G119,7,FALSE)/'[1]Экономические факторы'!E9*100,0) -> 25.45009 | D9: =VLOOKUP($A9,[1]библиотеки!A11:N123,14,FALSE)/'[1]Экономические факторы'!G9*1000 -> 503.34622 | E9: =VLOOKUP($A9,[1]Газеты!$A$3:$G$111,7,FALSE) -> 394 | F9: ='[1]Культурные факторы'!F9/'[1]Экономические факторы'!G9*1000 -> 27.335281
A10: Липецкая область | B10: 200 | C10: =IFERROR(VLOOKUP($A10,'[1]спортивные сооружния'!A12:G120,7,FALSE)/'[1]Экономические факторы'!E10*100,0) -> 47.299113 | D10: =VLOOKUP($A10,[1]библиотеки!A12:N124,14,FALSE)/'[1]Экономические факторы'!G10*1000 -> 443.42919 | E10: =VLOOKUP($A10,[1]Газеты!$A$3:$G$111,7,FALSE) -> 132 | F10: ='[1]Культурные факторы'!F10/'[1]Экономические факторы'!G10*1000 -> 39.236764
A11: Московская область | B11: 104 | C11: =IFERROR(VLOOKUP($A11,'[1]спортивные сооружния'!A13:G121,7,FALSE)/'[1]Экономические факторы'!E11*100,0) -> 60.423289 | D11: =VLOOKUP($A11,[1]библиотеки!A13:N125,14,FALSE)/'[1]Экономические факторы'!G11*1000 -> 171.6505 | E11: =VLOOKUP($A11,[1]Газеты!$A$3:$G$111,7,FALSE) -> 198 | F11: ='[1]Культурные факторы'!F11/'[1]Экономические факторы'!G11*1000 -> 12.113786
A12: Орловская область | B12: 327 | C12: =IFERROR(VLOOKUP($A12,'[1]спортивные сооружния'!A14:G122,7,FALSE)/'[1]Экономические факторы'!E12*100,0) -> 10.700361 | D12: =VLOOKUP($A12,[1]библиотеки!A14:N126,14,FALSE)/'[1]Экономические факторы'!G12*1000 -> 405.77617 | E12: =VLOOKUP($A12,[1]Газеты!$A$3:$G$111,7,FALSE) -> 188 | F12: ='[1]Культурные факторы'!F12/'[1]Экономические факторы'!G12*1000 -> 34.223827
A13: Рязанская область | B13: 264 | C13: =IFERROR(VLOOKUP($A13,'[1]спортивные сооружния'!A15:G123,7,FALSE)/'[1]Экономические факторы'!E13*100,0) -> 47.569765 | D13: =VLOOKUP($A13,[1]библиотеки!A15:N127,14,FALSE)/'[1]Экономические факторы'!G13*1000 -> 502.67973 | E13: =VLOOKUP($A13,[1]Газеты!$A$3:$G$111,7,FALSE) -> 408 | F13: ='[1]Культурные факторы'!F13/'[1]Экономические факторы'!G13*1000 -> 19.127703
A14: Смоленская область | B14: 169 | C14: =IFERROR(VLOOKUP($A14,'[1]спортивные сооружния'!A16:G124,7,FALSE)/'[1]Экономические факторы'!E14*100,0) -> 138.33333 | D14: =VLOOKUP($A14,[1]библиотеки!A16:N128,14,FALSE)/'[1]Экономические факторы'!G14*1000 -> 512.73148 | E14: =VLOOKUP($A14,[1]Газеты!$A$3:$G$111,7,FALSE) -> 2592 | F14: ='[1]Культурные факторы'!F14/'[1]Экономические факторы'!G14*1000 -> 16.203704
A15: Тамбовская область | B15: 255 | C15: =IFERROR(VLOOKUP($A15,'[1]спортивные сооружния'!A17:G125,7,FALSE)/'[1]Экономические факторы'!E15*100,0) -> 75.760745 | D15: =VLOOKUP($A15,[1]библиотеки!A17:N129,14,FALSE)/'[1]Экономические факторы'!G15*1000 -> 529.12266 | E15: =VLOOKUP($A15,[1]Газеты!$A$3:$G$111,7,FALSE) -> 154 | F15: ='[1]Культурные факторы'!F15/'[1]Экономические факторы'!G15*1000 -> 51.134581
A16: Тверская область | B16: 350 | C16: =IFERROR(VLOOKUP($A16,'[1]спортивные сооружния'!A18:G126,7,FALSE)/'[1]Экономические факторы'!E16*100,0) -> 119.31316 | D16: =VLOOKUP($A16,[1]библиотеки!A18:N130,14,FALSE)/'[1]Экономические факторы'!G16*1000 -> 465.94982 | E16: =VLOOKUP($A16,[1]Газеты!$A$3:$G$111,7,FALSE) -> 307 | F16: ='[1]Культурные факторы'!F16/'[1]Экономические факторы'!G16*1000 -> 46.261565
... A83: Чукотский автономный округ | B83: 0 | C83: =IFERROR(VLOOKUP($A83,'[1]спортивные сооружния'!A85:G193,7,FALSE)/'[1]Экономические факторы'!E83*100,0) -> 0 | D83: =VLOOKUP($A83,[1]библиотеки!A85:N197,14,FALSE)/'[1]Экономические факторы'!G83*1000 -> 541.66667 | E83: =VLOOKUP($A83,[1]Газеты!$A$3:$G$111,7,FALSE) -> 108 | F83: ='[1]Культурные факторы'!F83/'[1]Экономические факторы'!G83*1000 -> 87.5

Sheet Не выходит
A1: Библиотечный фонд на 1 000 человек населения на 2023г. (на конец года; экземпляров)
A2: Центральный ФО | B2: 7500
A3: Северо-Западный ФО | B3: 7555
A4: Южный ФО | B4: 4696
A5: Северо-Кавказский ФО | B5: 3578
A6: Приволжский ФО | B6: 6108
A7: Уральский ФО | B7: 4332
A8: Сибирский ФО | B8: 5433
A9: Дальневосточный ФО | B9: 6139

Sheet Столб с накоп
A1: ФО | B1: Плоскостные спортивные сооружения (площадки и поля)
A2: Центральный | B2: 48554
A3: Северо-Западный | B3: 11688
A4: Южный | B4: 18019
A5: Северо-Кавказский | B5: 9035
A6: Приволжский | B6: 33749
A7: Уральский | B7: 13060
A8: Сибирский | B8: 19146
A9: Дальневосточный | B9: 8411

Sheet Граф
B1: Численность зрителей театров, на тыс чел | C1: Стадионы с трибунами на 1500 мест и более | D1: Численность пользователей библиотек на 1000 чел | E1: ВЫПУСК ГАЗЕТ на 1 000 человек населения | F1: СРЕДНЕГОДОВАЯ ЧИСЛЕННОСТЬ ЗАНЯТЫХ на 100 чел | G1: Среднемесячная номинальная начисленная з/п работников организаций (рублей) | H1: ВРП на душу (руб.) | I1: Плотность населения чел/км2
A2: 2023 | B2: 284 | C2: 11.104968 | D2: 50831 | E2: 579 | F2: 72911.8 | G2: 74854 | H2: 958811.4 | I2: 8.57
A3: 2022 | B3: 245 | C3: 11.143933 | D3: 51691 | E3: 693 | F3: 71216.9 | G3: 65338 | H3: 830059.8 | I3: 8.56
A4: 2021 | B4: 173 | C4: 11.402904 | D4: 49672 | E4: 817 | F4: 70817.9 | G4: 57244 | H4: 639170 | I4: 8.53
A5: 2020 | B5: 109 | C5: 12.003605 | D5: 44028 | E5: 936 | F5: 69550.3 | G5: 51344 | H5: 647708.1 | I5: 8.54
A6: 2019 | B6: 280 | C6: 11.788837 | D6: 50404 | E6: 955 | F6: 71064.5 | G6: 47867 | H6: 614333.2 | I6: 8.57
A7: 2015 | B7: 261 | C7: 12.752892 | D7: 51992 | E7: 1382 | F7: 72424.9 | G7: 34030 | H7: 447395.3 | I7: 8.57
A8: 2010 | B8: 217 | C8: 13.320267 | D8: 55971 | E8: 1446 | F8: 71493.1 | G8: 20952 | H8: 263828.6 | I8: 8.36
A9: 2005 | B9: 195 | C9: 14.52847 | D9: 58088 | E9: 1234 | F9: - | G9: 8555 | H9: 125658.7 | I9: 8.38

Sheet Ящик с усом
A1: Регион | B1: Стадионы с трибунами на 1500 мест и более на 100 чел
A2: Белгородская область | B2: 41.533951
A3: Брянская область | B3: 54.989496
A4: Владимирская область | B4: 62.203222
A5: Воронежская область | B5: 22.961203
A6: Ивановская область | B6: 33.072083
A7: Калужская область | B7: 41.838263
A8: Костромская область | B8: 63.782447
A9: Курская область | B9: 25.45009
A10: Липецкая область | B10: 47.299113
A11: Московская область | B11: 60.423289
A12: Орловская область | B12: 10.700361
A13: Рязанская область | B13: 47.569765
... A83: Чукотский автономный округ | B83: 0

Sheet Столб
A1: Регион | B1: ВЫПУСК ГАЗЕТ на 1 000 человек населения
A2: Смоленская область | B2: 2592
A3: г. Москва | B3: 2383
A4: Республика Марий Эл | B4: 1618
A5: г. Санкт-Петербург | B5: 1313
A6: Архангельская область | B6: 1250
A7: Архангельская область без автономного округа | B7: 1250
A8: Нижегородская область | B8: 1201
A9: Ульяновская область | B9: 1143
A10: Вологодская область | B10: 1061
A11: Белгородская область | B11: 852

Sheet Круг
B1: 2010 | C1: 2023
A2: Центральный ФО | B2: 32 516 | C2: 48554
A3: Северо-Западный ФО | B3: 8 318 | C3: 11688
A4: Южный ФО | B4: 14 180 | C4: 18019
A5: Северо-Кавказский ФО | B5: 6 807 | C5: 9035
A6: Приволжский ФО | B6: 30 955 | C6: 33749
A7: Уральский ФО | B7: 10 717 | C7: 13060
A8: Сибирский ФО | B8: 17 663 | C8: 19146
A9: Дальневосточный ФО | B9: 8 481 | C9: 8411

Sheet Солн луч
A1: субъект РФ того же ФО | B1: АО в центре | C1: Плавательные бассейны, 2023
A2: Сибирский ФО | B2: Республика Алтай | C2: 2
A3: Сибирский ФО | B3: Республика Тыва | C3: 8
A4: Сибирский ФО | B4: Республика Хакасия | C4: 30
A5: Сибирский ФО | B5: Алтайский край | C5: 100
A6: Сибирский ФО | B6: Красноярский край | C6: 127
A7: Сибирский ФО | B7: Иркутская область | C7: 97
A8: Сибирский ФО | B8: Кемеровская область | C8: 132
A9: Сибирский ФО | B9: Новосибирская область | C9: 110
A10: Сибирский ФО | B10: Омская область | C10: 75
A11: Сибирский ФО | B11: Томская область | C11: 32
A12: Дальневосточный ФО | B12: Республика Бурятия | C12: 17
A13: Дальневосточный ФО | B13: Республика Саха (Якутия) | C13: 54
... A86: Центральный ФО | B86: г. Москва | C86: 532

Sheet Дерево
A1: субъект РФ того же ФО | B1: АО в центре | C1: Плавательные бассейны, 2023
A2: Сибирский ФО | B2: Республика Алтай | C2: 150
A3: Сибирский ФО | B3: Республика Тыва | C3: 259
A4: Сибирский ФО | B4: Республика Хакасия | C4: 282
A5: Сибирский ФО | B5: Алтайский край | C5: 1723
A6: Сибирский ФО | B6: Красноярский край | C6: 1581
A7: Сибирский ФО | B7: Иркутская область | C7: 1387
A8: Сибирский ФО | B8: Кемеровская область | C8: 1157
A9: Сибирский ФО | B9: Новосибирская область | C9: 1436
A10: Сибирский ФО | B10: Омская область | C10: 1186
A11: Сибирский ФО | B11: Томская область | C11: 598
A12: Дальневосточный ФО | B12: Республика Бурятия | C12: 576
A13: Дальневосточный ФО | B13: Республика Саха (Якутия) | C13: 874
... A86: Центральный ФО | B86: г. Москва | C86: 4654

Sheet Лист11
