Workbook

Sheet Лист1
A1: Самарская область, Головин Тимофей УСБО-02-22
B2: 2024 г. | K2: 2002 г.
B3: Всё население | E3: Городское население | H3: Сельское население | K3: Всё население | N3: Городское население | Q3: Сельское население
B4: мужчины и женщины | C4: мужчины | D4: женщины | E4: мужчины и женщины | F4: мужчины | G4: женщины | H4: мужчины и женщины | I4: мужчины | J4: женщины | K4: мужчины и женщины | L4: мужчины | M4: женщины | N4: мужчины и женщины | O4: мужчины | P4: женщины | Q4: мужчины и женщины | R4: мужчины | S4: женщины | AA4: мужчины | AB4: женщины | AD4: мужчины | AE4: женщины | AJ4: мужчины | AK4: женщины | AM4: мужчины | AN4: женщины
A5: моложе трудоспособного | B5: 539352 | C5: 277711 | D5: 261641 | E5: 427877 | F5: 220235 | G5: 207642 | H5: 111475 | I5: 57476 | J5: 53999 | K5: 544623 | L5: 279010 | M5: 265613 | N5: 421321 | O5: 215885 | P5: 205436 | Q5: 123302 | R5: 63125 | S5: 60177 | Z5: удельный вес моложе трудоспособного возраста (%) | AA5: =IF(COLUMN()/3=ROUND(COLUMN()/3,0),(C5/SUM(C$5:D$7)*-1),C5/SUM(C$5:D$7)) -> -0.088786774 | AB5: =IF(COLUMN()/3=ROUND(COLUMN()/3,0),(D5/SUM(C$5:D$7)*-1),D5/SUM(C$5:D$7)) -> 0.083649046 | AC5: удельный вес моложе трудоспособного возраста (%) | AD5: -0.088786774 | AE5: 0.083649046 | AI5: удельный вес моложе трудоспособного возраста (%) | AJ5: =IF(COLUMN()/3=ROUND(COLUMN()/3,0),(L5/SUM(L$5:M$7)*-1),L5/SUM(L$5:L$7)) -> -0.086194246 | AK5: =IF(COLUMN()/3=ROUND(COLUMN()/3,0),(M5/SUM(M$5:N$7)*-1),M5/SUM(M$5:M$7)) -> 0.15248464 | AL5: удельный вес моложе трудоспособного возраста (%) | AM5: =O5*-1 -> -215885 | AN5: 205436 | AP5: =R5*-1 -> -63125 | AQ5: 60177
A6: трудоспособного | B6: 1797292 | C6: 924977 | D6: 872315 | E6: 1433854 | F6: 727133 | G6: 706721 | H6: 363438 | I6: 197844 | J6: 165594 | K6: 2006197 | L6: 1003035 | M6: 1003162 | N6: 1651729 | O6: 817956 | P6: 833773 | Q6: 354468 | R6: 185079 | S6: 169389 | Z6: удельный вес трудоспособного возраста (%) | AA6: =IF(COLUMN()/3=ROUND(COLUMN()/3,0),(C6/SUM(C$5:D$7)*-1),C6/SUM(C$5:D$7)) -> -0.2957237 | AB6: =IF(COLUMN()/3=ROUND(COLUMN()/3,0),(D6/SUM(C$5:D$7)*-1),D6/SUM(C$5:D$7)) -> 0.27888717 | AC6: удельный вес трудоспособного возраста (%) | AD6: -0.2957237 | AE6: 0.27888717 | AI6: удельный вес трудоспособного возраста (%) | AJ6: =IF(COLUMN()/3=ROUND(COLUMN()/3,0),(L6/SUM(L$5:M$7)*-1),L6/SUM(L$5:L$7)) -> -0.30986648 | AK6: =IF(COLUMN()/3=ROUND(COLUMN()/3,0),(M6/SUM(M$5:N$7)*-1),M6/SUM(M$5:M$7)) -> 0.57590103 | AL6: удельный вес трудоспособного возраста (%) | AM6: =O6*-1 -> -817956 | AN6: 833773 | AP6: =R6*-1 -> -185079 | AQ6: 169389
A7: старше трудоспособного | B7: 791198 | C7: 231878 | D7: 559320 | E7: 621663 | F7: 176479 | G7: 445184 | H7: 169535 | I7: 55399 | J7: 114136 | K7: 686171 | L7: 213046 | M7: 473125 | N7: 536039 | O7: 164086 | P7: 371953 | Q7: 150132 | R7: 48960 | S7: 101172 | Z7: удельный вес старше трудоспособного возраста (%) | AA7: =IF(COLUMN()/3=ROUND(COLUMN()/3,0),(C7/SUM(C$5:D$7)*-1),C7/SUM(C$5:D$7)) -> -0.07413354 | AB7: =IF(COLUMN()/3=ROUND(COLUMN()/3,0),(D7/SUM(C$5:D$7)*-1),D7/SUM(C$5:D$7)) -> 0.17881977 | AC7: удельный вес старше трудоспособного возраста (%) | AD7: -0.07413354 | AE7: 0.17881977 | AI7: удельный вес старше трудоспособного возраста (%) | AJ7: =IF(COLUMN()/3=ROUND(COLUMN()/3,0),(L7/SUM(L$5:M$7)*-1),L7/SUM(L$5:L$7)) -> -0.065816062 | AK7: =IF(COLUMN()/3=ROUND(COLUMN()/3,0),(M7/SUM(M$5:N$7)*-1),M7/SUM(M$5:M$7)) -> 0.27161433 | AL7: удельный вес старше трудоспособного возраста (%) | AM7: =O7*-1 -> -164086 | AN7: 371953 | AP7: =R7*-1 -> -48960 | AQ7: 101172
A8: dмол труд | B8: =ABS(C5/SUM(C$5:D$7)-D5/SUM(C$5:D$7)) -> 0.0051377275 | E8: =ABS(F5/SUM(F$5:G$7)-G5/SUM(F$5:G$7)) -> 0.0050708828 | H8: =ABS(I5/SUM(I$5:J$7)-J5/SUM(I$5:J$7)) -> 0.0053953151 | K8: =ABS(L5/SUM(L$5:M$7)-M5/SUM(L$5:M$7)) -> 0.0041387202 | N8: =ABS(O5/SUM(O$5:P$7)-P5/SUM(O$5:P$7)) -> 0.0040048461 | Q8: =ABS(R5/SUM(R$5:S$7)-S5/SUM(R$5:S$7)) -> 0.0046950002
A9: dтруд | B9: =ABS(C6/SUM(C$5:D$7)-D6/SUM(C$5:D$7)) -> 0.016836528 | E9: =ABS(F6/SUM(F$5:G$7)-G6/SUM(F$5:G$7)) -> 0.0082193965 | H9: =ABS(I6/SUM(I$5:J$7)-J6/SUM(I$5:J$7)) -> 0.050042827 | K9: =ABS(L6/SUM(L$5:M$7)-M6/SUM(L$5:M$7)) -> 3.9233968e-05 | N9: =ABS(O6/SUM(O$5:P$7)-P6/SUM(O$5:P$7)) -> 0.0060622692 | Q9: =ABS(R6/SUM(R$5:S$7)-S6/SUM(R$5:S$7)) -> 0.024987976
A10: dстар труд | B10: =ABS(C7/SUM(C$5:D$7)-D7/SUM(C$5:D$7)) -> 0.10468623 | E10: =ABS(F7/SUM(F$5:G$7)-G7/SUM(F$5:G$7)) -> 0.10820071 | H10: =ABS(I7/SUM(I$5:J$7)-J7/SUM(I$5:J$7)) -> 0.091143118 | K10: =ABS(L7/SUM(L$5:M$7)-M7/SUM(L$5:M$7)) -> 0.080345914 | N10: =ABS(O7/SUM(O$5:P$7)-P7/SUM(O$5:P$7)) -> 0.079670337 | Q10: =ABS(R7/SUM(R$5:S$7)-S7/SUM(R$5:S$7)) -> 0.083153104
A29: Вывод: | B29: С увеличением возраста мы можем наблюдать увеличение степени диспропорциональности гендерной структуры населения, если в возрасте моложе трудоспособного степеь незначительная, трудоспособном возрасте встречается как незначительная, так и средняя и существенная, то в возрасте старше трудоспособного исключительно существенная степень

Sheet Лист2
A1: Показатели | B1: Годы
B2: база | C2: отчёт
A3: Численность родившикся млн. чел. | B3: 1.4 | C3: 1.5
A4: Численность женщин - всего млн. чел. | B4: 78.5 | C4: 76.7
A5: в т.ч. репродуктивного возраста | B5: 37.8 | C5: 39.5
A6: Численность всего населения млн. чел. | B6: 148 | C6: 143.6
A7: d | B7: =B5/B6 -> 0.25540541 | C7: =C5/C6 -> 0.27506964
A8: F | B8: =B3/B5*1000 -> 37.037037 | C8: =C3/C5*1000 -> 37.974684
A10: Инд переменного состава | B10: =(C7*C8)/(B7*B8) -> 1.1042579 | C10: =B10-1 -> 0.10425786
A11: Инд структурных сдвигов | B11: =(B8*C7)/(B7*B8) -> 1.0769922 | C11: =B11-1 -> 0.076992233
A12: Инд постоянного состава | B12: =(C8*C7)/(B8*C7) -> 1.0253165 | C12: =B12-1 -> 0.025316456
A13: абс изм переменного состава | B13: =(C7*C8)-(B7*B8) -> 0.98622299
A14: абс изм структурных сдвигов | B14: =(B8*C7)-(B7*B8) -> 0.72830491
A15: абс изм постоянного состава | B15: =(C8*C7)-(B8*C7) -> 0.25791809
A17: За счёт двух факторов (доли женщин репродуктивного возраста и специального коэффициента рождаемости) общий коэффициент рождаемости в отчётном году по сравнению с базисным увеличился на 10,43%, что в абсолютном выражении составляет 0,99‰
A19: За счёт доли женщин репродуктивного возраста общий коэффициент рождаемости увеличился на 7,7%, в абсолютном выражении увеличение составило 0,73‰
A21: За счёт специального коэффициента рождаемости общий коэффициент рождаемости увеличился на 2,53%, что в абсолютном выражении составляет 0,26‰

Sheet Лист3
A1: Годы | B1: Числ насел на начало года тыс.чел. | C1: Число умерших чел | D1: Число насел на конец года
A2: 2021 | B2: 11541 | C2: 111944 | D2: 11613 | E2: =C2/(AVERAGE(D2,B2)) -> 9.6695171
A3: 2022 | B3: 11980 | C3: 115966 | D3: 12108 | E3: =C3/(AVERAGE(D3,B3)) -> 9.6285287
D5: абс пр | E5: =E3-E2 -> -0.040988418
D6: темп пр | E6: =E3/E2*100-100 -> -0.42389312
A9: ПОКАЗАТЕЛИ | B9: 2013 | C9: 2014 | D9: 2015 | E9: 2016 | F9: 2017 | G9: 2018 | H9: 2019 | I9: 2020 | J9: 2021 | K9: 2022 | L9: Тпр(%)
A10: Среднегодовая численность населения – всего, млн. человек | B10: =AVERAGE(R11:S11) -> 143.8 | C10: =AVERAGE(S11:T11) -> 145.35 | D10: =AVERAGE(T11:U11) -> 146.95 | E10: =AVERAGE(U11:V11) -> 147.4 | F10: =AVERAGE(V11:W11) -> 147.7 | G10: =AVERAGE(W11:X11) -> 147.8 | H10: =AVERAGE(X11:Y11) -> 147.85 | I10: =AVERAGE(Y11:Z11) -> 147.65 | ... K10: =AVERAGE(AA11:AB11) -> 146.7 | L10: =K10/B10*100-100 -> 2.0166898 | P10: 2013 | Q10: 143.6 | R10: {=TRANSPOSE(P10:Q20)} -> 2013 | S10: 2014 | T10: 2015 | U10: 2016 | V10: 2017 | W10: 2018 | X10: 2019 | Y10: 2020 | Z10: 2021 | AA10: 2022 | AB10: 20232)
A11: Городское население | B11: =AVERAGE(R12:S12) -> 106.65 | C11: =AVERAGE(S12:T12) -> 107.85 | D11: =AVERAGE(T12:U12) -> 109.05 | E11: =AVERAGE(U12:V12) -> 109.55 | F11: =AVERAGE(V12:W12) -> 109.95 | G11: =AVERAGE(W12:X12) -> 110.2 | H11: =AVERAGE(X12:Y12) -> 110.4 | I11: =AVERAGE(Y12:Z12) -> 110.35 | ... K11: =AVERAGE(AA12:AB12) -> 109.8 | L11: =K11/B11*100-100 -> 2.9535865 | P11: 2014 | Q11: 144 | R11: 143.6 | S11: 144 | T11: 146.7 | U11: 147.2 | V11: 147.6 | W11: 147.8 | X11: 147.8 | Y11: 147.9 | Z11: 147.4 | AA11: 147 | AB11: 146.4
A12: Cельское население | B12: =AVERAGE(R13:S13) -> 37.15 | C12: =AVERAGE(S13:T13) -> 37.5 | D12: =AVERAGE(T13:U13) -> 37.9 | E12: =AVERAGE(U13:V13) -> 37.85 | F12: =AVERAGE(V13:W13) -> 37.75 | G12: =AVERAGE(W13:X13) -> 37.6 | H12: =AVERAGE(X13:Y13) -> 37.45 | I12: =AVERAGE(Y13:Z13) -> 37.3 | ... K12: =AVERAGE(AA13:AB13) -> 36.9 | L12: =K12/B12*100-100 -> -0.67294751 | P12: 2015 | Q12: 146.7 | R12: {=TRANSPOSE([1]Лист1!$C$52:$C$62)} -> 106.4 | S12: 106.9 | T12: 108.8 | U12: 109.3 | V12: 109.8 | W12: 110.1 | X12: 110.3 | Y12: 110.5 | Z12: 110.2 | AA12: 110 | AB12: 109.6
A13: Родившиеся – всего, тысяч человек | B13: =R14 -> 1895822 | C13: =S14 -> 1942683 | D13: =T14 -> 1940579 | E13: =U14 -> 1888729 | F13: =V14 -> 1690307 | G13: =W14 -> 1604344 | H13: =X14 -> 1481074 | I13: =Y14 -> 1436514 | ... K13: =AA14 -> 1304087 | L13: =K13/B13*100-100 -> -31.212582 | P13: 2016 | Q13: 147.2 | R13: {=TRANSPOSE([1]Лист1!$D$52:$D$62)} -> 37.2 | S13: 37.1 | T13: 37.9 | U13: 37.9 | V13: 37.8 | W13: 37.7 | X13: 37.5 | Y13: 37.4 | Z13: 37.2 | AA13: 37 | AB13: 36.8
A14: Городское население | B14: =R16/1000 -> 1357.31 | C14: =S16/1000 -> 1394.86 | D14: =T16/1000 -> 1455.283 | E14: =U16/1000 -> 1426.591 | F14: =V16/1000 -> 1269.527 | G14: =W16/1000 -> 1205.231 | H14: =X16/1000 -> 1115.337 | I14: =Y16/1000 -> 1079.887 | ... K14: =AA16/1000 -> 980.716 | L14: =K14/B14*100-100 -> -27.745614 | P14: 2017 | Q14: 147.6 | R14: {=TRANSPOSE([2]Лист1!$B$26:$C$35)} -> 1895822 | S14: 1942683 | T14: 1940579 | U14: 1888729 | V14: 1690307 | W14: 1604344 | X14: 1481074 | Y14: 1436514 | Z14: 1398253 | AA14: 1304087
A15: Cельское население | B15: =R18/1000 -> 538.512 | C15: =S18/1000 -> 547.823 | D15: =T18/1000 -> 485.296 | E15: =U18/1000 -> 462.138 | F15: =V18/1000 -> 420.78 | G15: =W18/1000 -> 399.113 | H15: =X18/1000 -> 365.737 | I15: =Y18/1000 -> 356.627 | ... K15: =AA18/1000 -> 323.371 | L15: =K15/B15*100-100 -> -39.951013 | P15: 2018 | Q15: 147.8 | R15: 1871809 | S15: 1912347 | T15: 1908541 | U15: 1891015 | V15: 1826125 | W15: 1828910 | X15: 1798307 | Y15: 2138586 | Z15: 2441594 | AA15: 1898644
A16: Умершие – всего, тысяч человек | B16: =R15/1000 -> 1871.809 | C16: =S15/1000 -> 1912.347 | D16: =T15/1000 -> 1908.541 | E16: =U15/1000 -> 1891.015 | F16: =V15/1000 -> 1826.125 | G16: =W15/1000 -> 1828.91 | H16: =X15/1000 -> 1798.307 | I16: =Y15/1000 -> 2138.586 | ... K16: =AA15/1000 -> 1898.644 | L16: =K16/B16*100-100 -> 1.4336399 | P16: 2019 | Q16: 147.8 | R16: {=TRANSPOSE([2]Лист1!$B$56:$B$65)} -> 1357310 | S16: 1394860 | T16: 1455283 | U16: 1426591 | V16: 1269527 | W16: 1205231 | X16: 1115337 | Y16: 1079887 | Z16: 1047731 | AA16: 980716
A17: Городское население | B17: =R17/1000 -> 1332.505 | C17: =S17/1000 -> 1362.81 | D17: =T17/1000 -> 1361.891 | E17: =U17/1000 -> 1354.944 | F17: =V17/1000 -> 1310.235 | G17: =W17/1000 -> 1317.703 | H17: =X17/1000 -> 1301.65 | I17: =Y17/1000 -> 1568.773 | ... K17: =AA17/1000 -> 1388.492 | L17: =K17/B17*100-100 -> 4.2016353 | P17: 2020 | Q17: 147.9 | R17: {=TRANSPOSE([2]Лист1!$C$56:$C$65)} -> 1332505 | S17: 1362810 | T17: 1361891 | U17: 1354944 | V17: 1310235 | W17: 1317703 | X17: 1301650 | Y17: 1568773 | Z17: 1799377 | AA17: 1388492
A18: Cельское население | B18: =R19/1000 -> 539.304 | C18: =S19/1000 -> 549.537 | D18: =T19/1000 -> 546.65 | E18: =U19/1000 -> 536.071 | F18: =V19/1000 -> 515.89 | G18: =W19/1000 -> 511.207 | H18: =X19/1000 -> 496.657 | I18: =Y19/1000 -> 569.813 | ... K18: =AA19/1000 -> 510.152 | L18: =K18/B18*100-100 -> -5.4054856 | P18: 2021 | Q18: 147.4 | R18: {=TRANSPOSE([2]Лист1!$B$86:$C$95)} -> 538512 | S18: 547823 | T18: 485296 | U18: 462138 | V18: 420780 | W18: 399113 | X18: 365737 | Y18: 356627 | Z18: 350522 | AA18: 323371
A19: Коэффициент смертности всего населения (‰) | B19: =B16/B10 -> 13.016752 | C19: =C16/C10 -> 13.156842 | D19: =D16/D10 -> 12.98769 | E19: =E16/E10 -> 12.829138 | F19: =F16/F10 -> 12.363744 | G19: =G16/G10 -> 12.374222 | H19: =H16/H10 -> 12.16305 | I19: =I16/I10 -> 14.484158 | ... K19: =K16/K10 -> 12.942359 | L19: =K19/B19*100-100 -> -0.57152411 | P19: 2022 | Q19: 147 | R19: 539304 | S19: 549537 | T19: 546650 | U19: 536071 | V19: 515890 | W19: 511207 | X19: 496657 | Y19: 569813 | Z19: 642217 | AA19: 510152
A20: Коэффициент смертности городского населения(‰) | B20: =B17/B11 -> 12.494187 | C20: =C17/C11 -> 12.636161 | D20: =D17/D11 -> 12.488684 | E20: =E17/E11 -> 12.36827 | F20: =F17/F11 -> 11.916644 | G20: =G17/G11 -> 11.957377 | H20: =H17/H11 -> 11.790308 | I20: =I17/I11 -> 14.216339 | ... K20: =K17/K11 -> 12.645647 | L20: =K20/B20*100-100 -> 1.2122441 | P20: 20232) | Q20: 146.4
A21: Коэффициент смертности сельское население (‰) | B21: =B18/B12 -> 14.516931 | C21: =C18/C12 -> 14.65432 | D21: =D18/D12 -> 14.423483 | E21: =E18/E12 -> 14.163038 | F21: =F18/F12 -> 13.66596 | G21: =G18/G12 -> 13.595931 | H21: =H18/H12 -> 13.261869 | I21: =I18/I12 -> 15.276488 | ... K21: =K18/K12 -> 13.825257 | L21: =K21/B21*100-100 -> -4.7646013
A22: d городского населения, ед | B22: =B11/B$10 -> 0.74165508 | C22: =C11/C$10 -> 0.74200206 | D22: =D11/D$10 -> 0.74208915 | E22: =E11/E$10 -> 0.74321574 | F22: =F11/F$10 -> 0.74441435 | G22: =G11/G$10 -> 0.74560217 | H22: =H11/H$10 -> 0.74670274 | I22: =I11/I$10 -> 0.74737555 | ... K22: =K11/K$10 -> 0.74846626 | L22: =K22/B22*100-100 -> 0.91837586
A23: d сельского населения, ед | B23: =B12/B$10 -> 0.25834492 | C23: =C12/C$10 -> 0.25799794 | D23: =D12/D$10 -> 0.25791085 | E23: =E12/E$10 -> 0.25678426 | F23: =F12/F$10 -> 0.25558565 | G23: =G12/G$10 -> 0.25439783 | H23: =H12/H$10 -> 0.25329726 | I23: =I12/I$10 -> 0.25262445 | ... K23: =K12/K$10 -> 0.25153374 | L23: =K23/B23*100-100 -> -2.636468
A26: Группы населения | B26: 2013 | D26: 2022
B27: Коэффициент смертности (ni), ‰ | C27: Доля в численности населения (di), ед. | D27: Коэффициент смертности (ni), ‰ | E27: Доля в численности населения (di), ед. | F27: ni0*di0 | G27: ni0*di1 | H27: ni1*di1
A28: Городское населения | B28: =B20 -> 12.494187 | C28: =B22 -> 0.74165508 | D28: =K20 -> 12.645647 | E28: =K22 -> 0.74846626 | F28: =B28*C28 -> 9.2663769 | G28: =B28*E28 -> 9.3514771 | H28: =E28*D28 -> 9.4648398
A29: Сельское население | B29: =B21 -> 14.516931 | C29: =B23 -> 0.25834492 | D29: =K21 -> 13.825257 | E29: =K23 -> 0.25153374 | F29: =B29*C29 -> 3.7503755 | G29: =B29*E29 -> 3.6514981 | H29: =E29*D29 -> 3.4775187
A30: Сумма | F30: =SUM(F28:F29) -> 13.016752 | G30: =SUM(G28:G29) -> 13.002975 | H30: =SUM(H28:H29) -> 12.942359
B31: Индексы | C31: Изменения (%)
A32: J переменного состава | B32: =H30/F30 -> 0.99428476 | C32: =B32*100-100 -> -0.57152411
A33: J постоянногого состава | B33: =H30/G30 -> 0.99533825 | C33: =B33*100-100 -> -0.46617484
A34: J структурных сдвигов | B34: =G30/F30 -> 0.99894157 | C34: =B34*100-100 -> -0.10584269

Sheet Лист4
B2: Годы | C2: Численность населения на начало года, млн. человек | D2: Численность родившихся, чел. | E2: численность умерших, чел. | F2: Коэффициент рождаемости | G2: Коэффициент смертности | H2: Темп прироста коэффициента рождаемости, ‰ | I2: Темп прироста коэффициента рождаемости, ‰
B3: 2002 | C3: 145.2 | D3: 1396967 | E3: 2332272 | F3: =D3/AVERAGE(C4,C3)/1000 -> 9.6276154 | G3: =E3/AVERAGE(C4,C3)/1000 -> 16.073549 | H3: - | I3: -
B4: 2003 | C4: 145 | D4: 1477301 | E4: 2365826 | F4: =D4/AVERAGE(C5,C4)/1000 -> 10.212935 | G4: =E4/AVERAGE(C5,C4)/1000 -> 16.35552 | H4: =F4/F3*100-100 -> 6.0795867 | I4: =G4/G3*100-100 -> 1.7542544
B5: 2004 | C5: 144.3 | D5: 1502477 | E5: 2295402 | F5: =D5/AVERAGE(C6,C5)/1000 -> 10.430246 | G5: =E5/AVERAGE(C6,C5)/1000 -> 15.934759 | H5: =F5/F4*100-100 -> 2.1278093 | I5: =G5/G4*100-100 -> -2.572596
B6: 2005 | C6: 143.8 | D6: 1457376 | E6: 2303935 | F6: =D6/AVERAGE(C7,C6)/1000 -> 10.15593 | G6: =E6/AVERAGE(C7,C6)/1000 -> 16.055296 | H6: =F6/F5*100-100 -> -2.6300062 | I6: =G6/G5*100-100 -> 0.75644322
B7: 2006 | C7: 143.2 | D7: 1479637 | E7: 2166703 | F7: =D7/AVERAGE(C8,C7)/1000 -> 10.347112 | G7: =E7/AVERAGE(C8,C7)/1000 -> 15.151769 | H7: =F7/F6*100-100 -> 1.8824624 | I7: =G7/G6*100-100 -> -5.6275943
B8: 2007 | C8: 142.8 | D8: 1610122 | E8: 2080445 | F8: =D8/AVERAGE(C9,C8)/1000 -> 11.275364 | G8: =E8/AVERAGE(C9,C8)/1000 -> 14.568943 | H8: =F8/F7*100-100 -> 8.9711242 | I8: =G8/G7*100-100 -> -3.8465914
B9: 2008 | C9: 142.8 | D9: 1713947 | E9: 2075954 | F9: =D9/AVERAGE(C10,C9)/1000 -> 12.006634 | G9: =E9/AVERAGE(C10,C9)/1000 -> 14.542585 | H9: =F9/F8*100-100 -> 6.485554 | I9: =G9/G8*100-100 -> -0.18091662
B10: 2009 | C10: 142.7 | D10: 1761687 | E10: 2010543 | F10: =D10/AVERAGE(C11,C10)/1000 -> 12.336744 | G10: =E10/AVERAGE(C11,C10)/1000 -> 14.079433 | H10: =F10/F9*100-100 -> 2.7493944 | I10: =G10/G9*100-100 -> -3.1847995
B11: 2010 | C11: 142.9 | D11: 1788948 | E11: 2028516 | F11: =D11/AVERAGE(C12,C11)/1000 -> 12.51888 | G11: =E11/AVERAGE(C12,C11)/1000 -> 14.195353 | H11: =F11/F10*100-100 -> 1.4763753 | I11: =G11/G10*100-100 -> 0.82333303
B12: 2011 | C12: 142.9 | D12: 1796629 | E12: 1925720 | F12: =D12/AVERAGE(C13,C12)/1000 -> 12.559448 | G12: =E12/AVERAGE(C13,C12)/1000 -> 13.461866 | H12: =F12/F11*100-100 -> 0.32404982 | I12: =G12/G11*100-100 -> -5.1670916
B13: 2012 | C13: 143.2 | D13: 1902084 | E13: 1906335 | F13: =D13/AVERAGE(C14,C13)/1000 -> 13.264184 | G13: =E13/AVERAGE(C14,C13)/1000 -> 13.293828 | H13: =F13/F12*100-100 -> 5.611205 | I13: =G13/G12*100-100 -> -1.2482521
B14: 2013 | C14: 143.6 | D14: 1895822 | E14: 1871809 | F14: =D14/AVERAGE(C15,C14)/1000 -> 13.183741 | G14: =E14/AVERAGE(C15,C14)/1000 -> 13.016752 | H14: =F14/F13*100-100 -> -0.6064662 | I14: =G14/G13*100-100 -> -2.0842455
B15: 2014 | C15: 144 | D15: 1942683 | E15: 1912347 | F15: =D15/AVERAGE(C16,C15)/1000 -> 13.365552 | G15: =E15/AVERAGE(C16,C15)/1000 -> 13.156842 | H15: =F15/F14*100-100 -> 1.3790532 | I15: =G15/G14*100-100 -> 1.076226
... B23: 2022 | C23: 147 | D23: 1304087 | E23: 1898644 | F23: =D23/AVERAGE(C24,C23)/1000 -> 8.8894819 | G23: =E23/AVERAGE(C24,C23)/1000 -> 12.942359 | H23: =F23/F22*100-100 -> -6.4166684 | I23: =G23/G22*100-100 -> -21.972483
B24: 2023 | C24: 146.4 | D24: - | E24: - | F24: - | G24: - | H24: - | I24: -
B25: в среднем за весь период | D25: =(C3/2+C24/2+SUM(C4:C23))/21 -> 145.06667
B26: Средний Темп прироста, % | D26: =POWER(C24/C3,1/21)*100-100 -> 0.039200534

Sheet Лист5
A1: Возрастные группы, лет | B1: Ср численность населения тыс. чел. | C1: Число умерших, чел. | D1: Возраст. Кэф смертности, ‰
A2: 15-19 | B2: 7391.86 | C2: 7342 | D2: =C2/B2 -> 0.99325474 | E2: низкий уровень
A3: 20-24 | B3: 11223.74 | C3: 20356 | D3: =C3/B3 -> 1.8136557 | E3: низкий уровень
A4: 25-29 | B4: 12442 | C4: 34557 | D4: =C4/B4 -> 2.7774474 | E4: низкий уровень
A5: 30-34 | B5: 11231.15 | C5: 47159 | D5: =C5/B5 -> 4.1989467 | E5: низкий уровень
A6: 35-39 | B6: 10419.38 | C6: 51690 | D6: =C6/B6 -> 4.9609478 | E6: низкий уровень
A7: 40-44 | B7: 9451.49 | C7: 58412 | D7: =C7/B7 -> 6.1801896 | E7: низкий уровень
A8: 45-49 | B8: 9784.09 | C8: 92156 | D8: =C8/B8 -> 9.4189649 | E8: низкий уровень
A9: 15-49 | B9: =SUM(B2:B8) -> 71943.71 | C9: =SUM(C2:C8) -> 311672 | D9: =C9/B9 -> 4.3321647 | E9: низкий уровень
A11: №2
A12: Причины смерти | B12: 2012 | C12: 2022 | D12: абс прир | E12: Темп пр | F12: уд вес | G12: уд вес | H12: абс прир | I12: Темп пр | M12: d^2 | N12: d^2
A13: Умершие от всех причин, в т.ч.: | B13: 2332.3 | C13: 1906.3 | D13: =C13-B13 -> -426 | E13: =C13/B13*100-100 -> -18.265232 | F13: =B13/$B$13 -> 1 | G13: =C13/$C$13 -> 1 | H13: =G13-F13 -> 0 | I13: =G13/F13*100-100 -> 0 | L13: =(G13-F13)^2 -> 0
A14: Инфекционные и паразитарные болезни | B14: 36.9 | C14: 32.1 | D14: =C14-B14 -> -4.8 | E14: =C14/B14*100-100 -> -13.00813 | F14: =B14/B$13 -> 0.015821292 | G14: =C14/C$13 -> 0.016838903 | H14: =G14-F14 -> 0.0010176103 | I14: =G14/F14*100-100 -> 6.4319038 | J14: =(G14-F14)^2 -> 1.0355307e-06 | K14: =(G14+F14)^2 -> 0.0010666883 | L14: =(G14-F14)^2 -> 1.0355307e-06 | M14: =F14^2 -> 0.00025031329 | N14: =G14^2 -> 0.00028354864
A15: Новообразований | B15: 293 | C15: 290.9 | D15: =C15-B15 -> -2.1 | E15: =C15/B15*100-100 -> -0.71672355 | F15: =B15/B$13 -> 0.12562706 | G15: =C15/C$13 -> 0.15259928 | H15: =G15-F15 -> 0.026972213 | I15: =G15/F15*100-100 -> 21.470065 | J15: =(G15-F15)^2 -> 0.00072750026 | K15: =(G15+F15)^2 -> 0.077409896 | L15: =(G15-F15)^2 -> 0.00072750026 | M15: =F15^2 -> 0.015782159 | N15: =G15^2 -> 0.023286539
A16: Болезней системы кровообращения | B16: 1308.1 | C16: 1055.6 | D16: =C16-B16 -> -252.5 | E16: =C16/B16*100-100 -> -19.302806 | F16: =B16/B$13 -> 0.56086267 | G16: =C16/C$13 -> 0.55374285 | H16: =G16-F16 -> -0.0071198151 | I16: =G16/F16*100-100 -> -1.26944 | J16: =(G16-F16)^2 -> 5.0691767e-05 | K16: =(G16+F16)^2 -> 1.2423455 | L16: =(G16-F16)^2 -> 5.0691767e-05 | M16: =F16^2 -> 0.31456693 | N16: =G16^2 -> 0.30663115
A17: Болезней системы органов дыхания | B17: 101 | C17: 70.8 | D17: =C17-B17 -> -30.2 | E17: =C17/B17*100-100 -> -29.90099 | F17: =B17/B$13 -> 0.043304892 | G17: =C17/C$13 -> 0.037140009 | H17: =G17-F17 -> -0.0061648827 | I17: =G17/F17*100-100 -> -14.235996 | J17: =(G17-F17)^2 -> 3.8005779e-05 | K17: =(G17+F17)^2 -> 0.0064713822 | L17: =(G17-F17)^2 -> 3.8005779e-05 | M17: =F17^2 -> 0.0018753137 | N17: =G17^2 -> 0.0013793803
A18: Болезней системы пищеварения | B18: 75.5 | C18: 88.9 | D18: =C18-B18 -> 13.4 | E18: =C18/B18*100-100 -> 17.748344 | F18: =B18/B$13 -> 0.032371479 | G18: =C18/C$13 -> 0.046634842 | H18: =G18-F18 -> 0.014263364 | I18: =G18/F18*100-100 -> 44.061514 | J18: =(G18-F18)^2 -> 0.00020344354 | K18: =(G18+F18)^2 -> 0.0062419988 | L18: =(G18-F18)^2 -> 0.00020344354 | M18: =F18^2 -> 0.0010479126 | N18: =G18^2 -> 0.0021748085
A19: Несчастных случаев, отравлений, травм | B19: 339.3 | C19: 193.8 | D19: =C19-B19 -> -145.5 | E19: =C19/B19*100-100 -> -42.882405 | F19: =B19/B$13 -> 0.14547871 | G19: =C19/C$13 -> 0.10166291 | H19: =G19-F19 -> -0.043815805 | I19: =G19/F19*100-100 -> -30.118362 | J19: =(G19-F19)^2 -> 0.0019198248 | K19: =(G19+F19)^2 -> 0.06107898 | L19: =(G19-F19)^2 -> 0.0019198248 | M19: =F19^2 -> 0.021164056 | N19: =G19^2 -> 0.010335347
A20: друг причины | B20: =B13-SUM(B14:B19) -> 178.5 | C20: =C13-SUM(C14:C19) -> 174.2 | D20: =C20-B20 -> -4.3 | E20: =C20/B20*100-100 -> -2.4089636 | F20: =B20/B$13 -> 0.076533894 | G20: =C20/C$13 -> 0.09138121 | H20: =G20-F20 -> 0.014847316 | I20: =G20/F20*100-100 -> 19.399661 | J20: =(G20-F20)^2 -> 0.0002204428 | K20: =(G20+F20)^2 -> 0.028195482 | L20: =(G20-F20)^2 -> 0.0002204428 | M20: =F20^2 -> 0.0058574369 | N20: =G20^2 -> 0.0083505255
A21: Рябцева | B21: =SQRT(SUM(J13:J20)/SUM(K13:K20)) -> 0.047134075
A22: Гатева | B22: =SQRT(SUM(L14:L20)/(SUM(M14:M20)+SUM(N14:N20))) -> 0.066583728

Sheet Лист6
B1: Возраст коэф. смертности | D1: возр структура | F1: Возрастн структура стандарта
B2: страна 1 | C2: страна 2 | D2: страна 1 | E2: страна 2
A3: до 20 | B3: 10 | C3: 12 | D3: 0.2 | E3: 0.15 | F3: 0.18
A4: 20-40 | B4: 7 | C4: 9 | D4: 0.4 | E4: 0.25 | F4: 0.32
A5: 40-60 | B5: 18 | C5: 20 | D5: 0.3 | E5: 0.35 | F5: 0.32
A6: 60+ | B6: 25 | C6: 30 | D6: 0.1 | E6: 0.25 | F6: 0.18
B8: страна 1 | C8: страна 2
A9: Общий коэф | B9: =SUMPRODUCT(B3:B6,D3:D6) -> 12.7 | C9: =SUMPRODUCT(C3:C6,E3:E6) -> 18.55
A10: стандарт коэф | B10: =SUMPRODUCT(B3:B6,$F$3:$F$6) -> 14.3 | C10: =SUMPRODUCT(C3:C6,$F$3:$F$6) -> 16.84
A12: Задача 2
A14: Возрастные группы, лет | B14: умерло за год, млн. чел. | D14: ср числ. насел. за год, млн. чел. | G14: Возр коэф смертн стандарт | H14: кэф смертн, ‰ | K14: Mx/M0x
B15: мужчины | C15: женщины | D15: мужчины | E15: женщины | F15: всего | H15: мужчины | I15: женщины | J15: всего
A16: до 25 | B16: 0.03 | C16: 0.04 | D16: 19.5 | E16: 7.4 | F16: =SUM(D16:E16) -> 26.9 | G16: 1.6 | H16: =B16/D16*1000 -> 1.5384615 | I16: =C16/E16*1000 -> 5.4054054 | J16: =SUM(B16:C16)/SUM(D16:E16)*1000 -> 2.6022305 | K16: =SUM(B16:C16)/G16 -> 0.04375
A17: 25-50 | B17: 0.09 | C17: 0.11 | D17: 27.5 | E17: 13.3 | F17: =SUM(D17:E17) -> 40.8 | G17: 3.3 | H17: =B17/D17*1000 -> 3.2727273 | I17: =C17/E17*1000 -> 8.2706767 | J17: =SUM(B17:C17)/SUM(D17:E17)*1000 -> 4.9019608 | K17: =SUM(B17:C17)/G17 -> 0.060606061
A18: 50+ | B18: 0.2 | C18: 0.26 | D18: 21.5 | E18: 19.8 | F18: =SUM(D18:E18) -> 41.3 | G18: 17.1 | H18: =B18/D18*1000 -> 9.3023256 | I18: =C18/E18*1000 -> 13.131313 | J18: =SUM(B18:C18)/SUM(D18:E18)*1000 -> 11.138015 | K18: =SUM(B18:C18)/G18 -> 0.026900585
A19: итого | B19: =SUM(B16:B18) -> 0.32 | C19: =SUM(C16:C18) -> 0.41 | D19: =SUM(D16:D18) -> 68.5 | E19: =SUM(E16:E18) -> 40.5 | F19: =SUM(D19:E19) -> 109 | G19: 6.9 | H19: =B19/D19*1000 -> 4.6715328 | I19: =C19/E19*1000 -> 10.123457 | J19: =SUM(B19:C19)/SUM(D19:E19)*1000 -> 6.6972477 | K19: =SUM(K16:K18) -> 0.13125665
A21: общ кэф смертности | B21: =SUM(B16:C18)/SUM(D16:E18)*1000 -> 6.6972477
A22: общ кэф смертности (с) | B22: =G19*(K19/SUM(D19:E19)) -> 0.0083089069
A23: общ кэф смертности (с) | B23: =(SUMPRODUCT(J16:J18,F16:F18)/SUMPRODUCT(G16:G18,F16:F18))*G19 -> 5.698544

Sheet Лист7
A1: Возр группы | B1: 2002г. | E1: 2022г.
B2: Числ жен | D2: Родилось детей на 1000 жен | E2: Числ жен | G2: Родилось детей на 1000 жен
B3: млн чел | C3: % к итогу | E3: млн чел | F3: % к итогу
B4: Wx0 | C4: dx0 | D4: Fx0 | E4: Wx1 | F4: dx1 | G4: Fx1
A5: 15-19 | B5: 4.9 | C5: 13.6 | D5: 52.5 | E5: 5.8 | F5: 14.9 | G5: 28.1
A6: 20-24 | B6: 4.7 | C6: 13 | D6: 163.9 | E6: 5.3 | F6: 13.6 | G6: 95.3
A7: 25-29 | B7: 6.1 | C7: 16.9 | D7: 103.1 | E7: 5 | F7: 12.9 | G7: 68.7
A8: 30-34 | B8: 6.4 | C8: 17.7 | D8: 54.6 | E8: 4.7 | F8: 12.1 | G8: 36
A9: 35-39 | B9: 5.9 | C9: 16.4 | D9: 22 | E9: 5.8 | F9: 14.9 | G9: 12
A10: 40-44 | B10: 4.2 | C10: 11.6 | D10: 5 | E10: 6.4 | F10: 16.4 | G10: 2.4
A11: 45-49 | B11: 3.9 | C11: 10.8 | D11: 0.2 | E11: 5.9 | F11: 15.2 | G11: 0.1
A12: Итого | B12: =SUM(B5:B11) -> 36.1 | C12: =SUM(C5:C11) -> 100 | D12: =SUMPRODUCT(C5:C11,D5:D11)/SUM(C5:C11) -> 59.7447 | E12: =SUM(E5:E11) -> 38.9 | F12: =SUM(F5:F11) -> 100 | G12: =SUMPRODUCT(F5:F11,G5:G11)/SUM(F5:F11) -> 32.5628
B15: F1d1 | C15: =SUMPRODUCT(F5:F11,G5:G11) -> 3256.28
B16: F0d1 | C16: =SUMPRODUCT(F5:F11,D5:D11) -> 5414.78
B17: F0d0 | C17: =SUMPRODUCT(C5:C11,D5:D11) -> 5974.47
B19: Iпс | C19: =C15/C16 -> 0.60136885 | D19: =C19*100-100 -> -39.863115
B20: Δпс | D20: =C15-C16 -> -2158.5
A22: В результате изменения уровня возрастной рождаемости, при сохранении возрастной структуры женского населения на уровне 2006 года, специальный коэффициент рождаемости к 2022 году уменьшился на 39,86.

Sheet 21.11
A1: Число браков по возрасту жениха и невесты в 2023 году
A2: Самарская область городское и сельское население
A5: Возраст невесты | B5: Возраст жениха
B6: до 16 | C6: 16-17 | D6: 18-19 | E6: 20-24 | F6: 25-29 | G6: 30-34 | H6: 35-39 | I6: 40-44 | J6: 45-49 | K6: 50-54 | L6: 55-59 | M6: 60 лет и более | N6: возраст неизве-стен | O6: всего
A7: А | B7: 1 | C7: 2 | D7: 3 | E7: 4 | F7: 5 | G7: 6 | H7: 7 | I7: 8 | J7: 9 | K7: 10 | L7: 11 | M7: 12 | N7: 13 | O7: 14 | P7: xi | Q7: fi/hi | R7: Si
A8: до 16 лет | B8: 1 | C8: 3 | D8: 1 | E8: 5 | F8: 0 | G8: 0 | H8: 0 | I8: 0 | J8: 0 | K8: 0 | L8: 0 | M8: 0 | N8: 0 | O8: 10 | P8: 15 | Q8: =(O8/SUM($O$8:$O$19)/2) -> 0.00025106703 | R8: =O8 -> 10
A9: 16-17 | B9: 0 | C9: 9 | D9: 16 | E9: 26 | F9: 3 | G9: 1 | H9: 1 | I9: 0 | J9: 0 | K9: 0 | L9: 0 | M9: 0 | N9: 0 | O9: 56 | P9: 17 | Q9: =(O9/SUM($O$8:$O$19)/2) -> 0.0014059754 | R9: =R8+O9 -> 66
A10: 18-19 | B10: 0 | C10: 1 | D10: 150 | E10: 611 | F10: 208 | G10: 54 | H10: 10 | I10: 5 | J10: 0 | K10: 0 | L10: 1 | M10: 0 | N10: 0 | O10: 1040 | P10: 19 | Q10: =(O10/SUM($O$8:$O$19)/2) -> 0.026110972 | R10: =R9+O10 -> 1106
A11: 20-24 | B11: 0 | C11: 2 | D11: 70 | E11: 2491 | F11: 2028 | G11: 447 | H11: 101 | I11: 17 | J11: 6 | K11: 4 | L11: 0 | M11: 0 | N11: 0 | O11: 5166 | P11: 22.5 | Q11: =(O11/SUM($O$8:$O$19))/5 -> 0.051880492 | R11: =R10+O11 -> 6272
A12: 25-29 | B12: 0 | C12: 0 | D12: 11 | E12: 371 | F12: 1978 | G12: 1134 | H12: 332 | I12: 76 | J12: 17 | K12: 6 | L12: 2 | M12: 0 | N12: 0 | O12: 3927 | P12: 27.5 | Q12: =(O12/SUM($O$8:$O$19))/5 -> 0.03943761 | R12: =R11+O12 -> 10199
A13: 30-34 | B13: 0 | C13: 0 | D13: 2 | E13: 69 | F13: 426 | G13: 1124 | H13: 772 | I13: 240 | J13: 67 | K13: 22 | L13: 4 | M13: 2 | N13: 0 | O13: 2728 | P13: 32.5 | Q13: =(O13/SUM($O$8:$O$19))/5 -> 0.027396435 | R13: =R12+O13 -> 12927
A14: 35-39 | B14: 0 | C14: 0 | D14: 2 | E14: 24 | F14: 145 | G14: 488 | H14: 959 | I14: 571 | J14: 228 | K14: 64 | L14: 22 | M14: 10 | N14: 0 | O14: 2513 | P14: 37.5 | Q14: =(O14/SUM($O$8:$O$19))/5 -> 0.025237258 | R14: =R13+O14 -> 15440
A15: 40-44 | B15: 0 | C15: 0 | D15: 1 | E15: 11 | F15: 31 | G15: 157 | H15: 373 | I15: 504 | J15: 334 | K15: 154 | L15: 50 | M15: 30 | N15: 0 | O15: 1645 | P15: 42.5 | Q15: =(O15/SUM($O$8:$O$19))/5 -> 0.016520211 | R15: =R14+O15 -> 17085
A16: 45-49 | B16: 0 | C16: 0 | D16: 0 | E16: 5 | F16: 10 | G16: 42 | H16: 108 | I16: 205 | J16: 389 | K16: 278 | L16: 126 | M16: 60 | N16: 0 | O16: 1223 | P16: 47.5 | Q16: =(O16/SUM($O$8:$O$19))/5 -> 0.012282199 | R16: =R15+O16 -> 18308
A17: 50-54 | B17: 0 | C17: 0 | D17: 0 | E17: 0 | F17: 1 | G17: 7 | H17: 31 | I17: 64 | J17: 121 | K17: 226 | L17: 155 | M17: 115 | N17: 0 | O17: 720 | P17: 52.5 | Q17: =(O17/SUM($O$8:$O$19))/5 -> 0.0072307306 | R17: =R16+O17 -> 19028
A18: 55-59 | B18: 0 | C18: 0 | D18: 0 | E18: 0 | F18: 2 | G18: 0 | H18: 6 | I18: 11 | J18: 32 | K18: 59 | L18: 129 | M18: 136 | N18: 0 | O18: 375 | P18: 57.5 | Q18: =(O18/SUM($O$8:$O$19))/5 -> 0.0037660055 | R18: =R17+O18 -> 19403
A19: 60 и старше | B19: 0 | C19: 0 | D19: 0 | E19: 0 | F19: 0 | G19: 1 | H19: 0 | I19: 5 | J19: 17 | K19: 30 | L19: 48 | M19: 411 | N19: 0 | O19: 512 | P19: 62.5 | Q19: =(O19/SUM($O$8:$O$19))/5 -> 0.0051418529 | R19: =R18+O19 -> 19915
A20: не указано | B20: 0 | C20: 0 | D20: 0 | E20: 0 | F20: 0 | G20: 0 | H20: 0 | I20: 0 | J20: 0 | K20: 0 | L20: 0 | M20: 0 | N20: 0 | O20: 0
A21: Всего | B21: 1 | C21: 15 | D21: 253 | E21: 3613 | F21: 4832 | G21: 3455 | H21: 2693 | I21: 1698 | J21: 1211 | K21: 843 | L21: 537 | M21: 764 | N21: 0 | O21: 19915
A22: xj | B22: {=TRANSPOSE(P8:P19)} -> 15 | C22: 17 | D22: 19 | E22: 22.5 | F22: 27.5 | G22: 32.5 | H22: 37.5 | I22: 42.5 | J22: 47.5 | K22: 52.5 | L22: 57.5 | M22: 62.5 | P22: =R19/2 -> 9957.5
A23: wj/hj | B23: =(B21/$P$22)/2 -> 5.0213407e-05 | C23: =(C21/$P$22)/2 -> 0.0007532011 | D23: =(D21/$P$22)/2 -> 0.012703992 | E23: =(E21/$P$22)/5 -> 0.072568416 | F23: =(F21/$P$22)/5 -> 0.097052473 | G23: =(G21/$P$22)/5 -> 0.069394928 | H23: =(H21/$P$22)/5 -> 0.054089882 | I23: =(I21/$P$22)/5 -> 0.034104946 | J23: =(J21/$P$22)/5 -> 0.024323374 | K23: =(K21/$P$22)/5 -> 0.016931961 | L23: =(L21/$P$22)/5 -> 0.01078584 | M23: =(M21/$P$22)/5 -> 0.015345217
A24: Sj | B24: =B21 -> 1 | C24: =B24+C21 -> 16 | D24: =C24+D21 -> 269 | E24: =D24+E21 -> 3882 | F24: =E24+F21 -> 8714 | G24: =F24+G21 -> 12169 | H24: =G24+H21 -> 14862 | I24: =H24+I21 -> 16560 | J24: =I24+J21 -> 17771 | ... M24: =L24+M21 -> 19915
A26: 1.
A27: ср воз невесты | B27: =SUMPRODUCT(P8:P19,O8:O19)/SUM(O8:O19) -> 32.505875
A28: ср возраст жениха | B28: =SUMPRODUCT(B21:M21,_xlfn.ANCHORARRAY(B22))/SUM(B21:M21) -> 34.401054
A29: модальный возр невесты | B29: =20+5*(Q11-Q10)/((Q11-Q10)+(Q11-Q12)) -> 23.371879
A30: модальный возр жениха | B30: =25+5*(F23-E23)/((F23-E23)+(F23-G23)) -> 27.347843
A31: медианный возр невесты | B31: =25+5*(P22-R11)/O11 -> 28.567073
A32: медианный возр жениха | B32: =30+5*(P22-F24)/G21 -> 31.799566
A33: 2.
A34: население Самарской обл на 2024г., тыс. чел. | B34: 3127.842
A35: население Самарской обл на 2023г. тыс. чел. | B35: 3142.7
A36: средняя численность населения Самарской обл., тыс. чел. | B36: =AVERAGE(B34:B35) -> 3135.271
A37: общий коэф. Брачности | B37: =O21/B36 -> 6.351923
A38: 3.
A39: доля браков в возрасте до 20 лет жен. | C39: =SUM(O8:O10)/SUM(O8:O19) -> 0.055536028
A40: доля браков в возрасте до 20 лет муж | C40: =(B21+C21+D21)/SUM(B21:M21) -> 0.013507406
A41: 4.
A42: доля браков после 50 лет жен | C42: =SUM(O17:O19)/SUM(O8:O19) -> 0.080692945
A43: доля браков после 50 лет муж | C43: =SUM(K21:M21)/SUM(B21:M21) -> 0.10765754

Sheet Лист8
A1: x | B1: 0 | C1: 1 | D1: 2 | E1: 3 | F1: 4 | G1: 5 | H1: 6
A2: qx | B2: 0.0193 | C2: 0.0052 | D2: 0.0018 | E2: 0.001 | F2: 0.0009 | G2: 0.0001
A3: lx | B3: 10000 | C3: =B3-B4 -> 9807 | D3: =C3-C4 -> 9756.0036 | E3: =D3-D4 -> 9738.4428 | F3: =E3-E4 -> 9728.7044 | G3: =F3-F4 -> 9719.9485 | H3: =G3-G4 -> 9718.9765
A4: dx | B4: =B3*B2 -> 193 | C4: =C3*C2 -> 50.9964 | D4: =D3*D2 -> 17.560806 | E4: =E3*E2 -> 9.7384428 | F4: =F3*F2 -> 8.7558339 | G4: =G3*G2 -> 0.97199485
A5: в | B5: =C3/B3 -> 0.9807 | C5: =D3/C3 -> 0.9948 | D5: =E3/D3 -> 0.9982 | E5: =F3/E3 -> 0.999 | F5: =G3/F3 -> 0.9991 | G5: =H3/G3 -> 0.9999
A6: Lx | B6: =(B3+C3)/2 -> 9903.5 | C6: =(C3+D3)/2 -> 9781.5018 | D6: =(D3+E3)/2 -> 9747.2232 | E6: =(E3+F3)/2 -> 9733.5736 | F6: =(F3+G3)/2 -> 9724.3264 | G6: =(G3+H3)/2 -> 9719.4625
